Country Name;Country Code;Indicator Name;Indicator Code;1960;1961;1962;1963;1964;1965;1966;1967;1968;1969;1970;1971;1972;1973;1974;1975;1976;1977;1978;1979;1980;1981;1982;1983;1984;1985;1986;1987;1988;1989;1990;1991;1992;1993;1994;1995;1996;1997;1998;1999;2000;2001;2002;2003;2004;2005;2006;2007;2008;2009;2010;2011;2012;2013;2014;2015;2016;2017;2018;2019;2020;2021;2022
Aruba;ABW;Land area (sq. km);AG.LND.TOTL.K2;0;180;180;180;180;180;180;180;180;180;180;180;180;180;180;180;180;180;180;180;180;180;180;180;180;180;180;180;180;180;180;180;180;180;180;180;180;180;180;180;180;180;180;180;180;180;180;180;180;180;180;180;180;180;180;180;180;180;180;180;180;0;0
Afghanistan;AFG;Land area (sq. km);AG.LND.TOTL.K2;0;652230;652230;652230;652230;652230;652230;652230;652230;652230;652230;652230;652230;652230;652230;652230;652230;652230;652230;652230;652230;652230;652230;652230;652230;652230;652230;652230;652230;652230;652230;652230;652230;652230;652230;652230;652230;652230;652230;652230;652230;652230;652230;652230;652230;652230;652230;652230;652230;652230;652230;652230;652230;652230;652230;652230;652230;652230;652230;652230;652230;0;0
Angola;AGO;Land area (sq. km);AG.LND.TOTL.K2;0;1246700;1246700;1246700;1246700;1246700;1246700;1246700;1246700;1246700;1246700;1246700;1246700;1246700;1246700;1246700;1246700;1246700;1246700;1246700;1246700;1246700;1246700;1246700;1246700;1246700;1246700;1246700;1246700;1246700;1246700;1246700;1246700;1246700;1246700;1246700;1246700;1246700;1246700;1246700;1246700;1246700;1246700;1246700;1246700;1246700;1246700;1246700;1246700;1246700;1246700;1246700;1246700;1246700;1246700;1246700;1246700;1246700;1246700;1246700;1246700;0;0
Albania;ALB;Land area (sq. km);AG.LND.TOTL.K2;0;27400;27400;27400;27400;27400;27400;27400;27400;27400;27400;27400;27400;27400;27400;27400;27400;27400;27400;27400;27400;27400;27400;27400;27400;27400;27400;27400;27400;27400;27400;27400;27400;27400;27400;27400;27400;27400;27400;27400;27400;27400;27400;27400;27400;27400;27400;27400;27400;27400;27400;27400;27400;27400;27400;27400;27400;27400;27400;27400;27400;0;0
Andorra;AND;Land area (sq. km);AG.LND.TOTL.K2;0;470;470;470;470;470;470;470;470;470;470;470;470;470;470;470;470;470;470;470;470;470;470;470;470;470;470;470;470;470;470;470;470;470;470;470;470;470;470;470;470;470;470;470;470;470;470;470;470;470;470;470;470;470;470;470;470;470;470;470;470;0;0
United Arab Emirates;ARE;Land area (sq. km);AG.LND.TOTL.K2;0;71020;71020;71020;71020;71020;71020;71020;71020;71020;71020;71020;71020;71020;71020;71020;71020;71020;71020;71020;71020;71020;71020;71020;71020;71020;71020;71020;71020;71020;71020;71020;71020;71020;71020;71020;71020;71020;71020;71020;71020;71020;71020;71020;71020;71020;71020;71020;71020;71020;71020;71020;71020;71020;71020;71020;71020;71020;71020;71020;71020;0;0
Argentina;ARG;Land area (sq. km);AG.LND.TOTL.K2;0;2736690;2736690;2736690;2736690;2736690;2736690;2736690;2736690;2736690;2736690;2736690;2736690;2736690;2736690;2736690;2736690;2736690;2736690;2736690;2736690;2736690;2736690;2736690;2736690;2736690;2736690;2736690;2736690;2736690;2736690;2736690;2736690;2736690;2736690;2736690;2736690;2736690;2736690;2736690;2736690;2736690;2736690;2736690;2736690;2736690;2736690;2736690;2736690;2736690;2736690;2736690;2736690;2736690;2736690;2736690;2736690;2736690;2736690;2736690;2736690;0;0
Armenia;ARM;Land area (sq. km);AG.LND.TOTL.K2;0;28470;28470;28470;28470;28470;28470;28470;28470;28470;28470;28470;28470;28470;28470;28470;28470;28470;28470;28470;28470;28470;28470;28470;28470;28470;28470;28470;28470;28470;28470;28470;28470;28470;28470;28470;28470;28470;28470;28470;28470;28470;28470;28470;28470;28470;28470;28470;28470;28470;28470;28470;28470;28470;28470;28470;28470;28470;28470;28470;28470;0;0
American Samoa;ASM;Land area (sq. km);AG.LND.TOTL.K2;0;200;200;200;200;200;200;200;200;200;200;200;200;200;200;200;200;200;200;200;200;200;200;200;200;200;200;200;200;200;200;200;200;200;200;200;200;200;200;200;200;200;200;200;200;200;200;200;200;200;200;200;200;200;200;200;200;200;200;200;200;0;0
Antigua and Barbuda;ATG;Land area (sq. km);AG.LND.TOTL.K2;0;440;440;440;440;440;440;440;440;440;440;440;440;440;440;440;440;440;440;440;440;440;440;440;440;440;440;440;440;440;440;440;440;440;440;440;440;440;440;440;440;440;440;440;440;440;440;440;440;440;440;440;440;440;440;440;440;440;440;440;440;0;0
Australia;AUS;Land area (sq. km);AG.LND.TOTL.K2;0;7682300;7682300;7682300;7682300;7682300;7682300;7682300;7682300;7682300;7682300;7682300;7682300;7682300;7682300;7682300;7682300;7682300;7682300;7682300;7682300;7682300;7682300;7682300;7682300;7682300;7682300;7682300;7682300;7682300;7682300;7682300;7682300;7682300;7682300;7682300;7682300;7682300;7682300;7682300;7682300;7682300;7682300;7682300;7682300;7682300;7682300;7682300;7682300;7682300;7682300;7682300;7682300;7682300;7682300;7682300;7692020;7692020;7692020;7692020;7692020;0;0
Austria;AUT;Land area (sq. km);AG.LND.TOTL.K2;0;82520;82520;82520;82520;82520;82520;82520;82520;82520;82520;82520;82520;82520;82520;82520;82520;82520;82520;82520;82520;82520;82520;82520;82520;82520;82520;82520;82520;82520;82520;82520;82520;82520;82520;82520;82520;82520;82520;82520;82520;82520;82520;82520;82520;82520;82520;82520;82520;82520;82520;82520;82520;82520;82520;82520;82520;82520;82520;82520;82520;0;0
Azerbaijan;AZE;Land area (sq. km);AG.LND.TOTL.K2;0;83217;83217;83217;83217;83217;83217;83217;83217;83217;83217;83217;83217;83217;83217;83217;83217;83217;83217;83217;83217;83217;83217;83217;83217;83217;83217;83217;83217;83217;83217;83217;83217;83217;83217;83217;83217;83217;83092;82705;82605;82604;82618;82652;82672;82660;82637;82629;82627;82622;82656;82658;82658;82659;82663;82663;82670;82662;82654;82654;82646;0;0
Burundi;BDI;Land area (sq. km);AG.LND.TOTL.K2;0;25680;25680;25680;25680;25680;25680;25680;25680;25680;25680;25680;25680;25680;25680;25680;25680;25680;25680;25680;25680;25680;25680;25680;25680;25680;25680;25680;25680;25680;25680;25680;25680;25680;25680;25680;25680;25680;25680;25680;25680;25680;25680;25680;25680;25680;25680;25680;25680;25680;25680;25680;25680;25680;25680;25680;25680;25680;25680;25680;25680;0;0
Belgium;BEL;Land area (sq. km);AG.LND.TOTL.K2;0;32820;32820;32820;32820;32820;32820;32820;32820;32820;32820;32820;32820;32820;32820;32820;32820;32820;32820;32820;32820;32820;32820;32820;32820;32820;32820;32820;32820;32820;32820;32820;32820;32820;32820;32820;32820;32820;32820;32820;30280;30280;30280;30280;30280;30280;30280;30280;30280;30280;30280;30280;30280;30280;30280;30280;30280;30280;30280;30280;30280;0;0
Benin;BEN;Land area (sq. km);AG.LND.TOTL.K2;0;112760;112760;112760;112760;112760;112760;112760;112760;112760;112760;112760;112760;112760;112760;112760;112760;112760;112760;112760;112760;112760;112760;112760;112760;112760;112760;112760;112760;112760;112760;112760;112760;112760;112760;112760;112760;112760;112760;112760;112760;112760;112760;112760;112760;112760;112760;112760;112760;112760;112760;112760;112760;112760;112760;112760;112760;112760;112760;112760;112760;0;0
Burkina Faso;BFA;Land area (sq. km);AG.LND.TOTL.K2;0;273600;273600;273600;273600;273600;273600;273600;273600;273600;273600;273600;273600;273600;273600;273600;273600;273600;273600;273600;273600;273600;273600;273600;273600;273600;273600;273600;273600;273600;273600;273600;273600;273600;273600;273600;273600;273600;273600;273600;273600;273600;273600;273600;273600;273600;273600;273600;273600;273600;273600;273600;273600;273600;273600;273600;273600;273600;273600;273600;273600;0;0
Bangladesh;BGD;Land area (sq. km);AG.LND.TOTL.K2;0;130170;130170;130170;130170;130170;130170;130170;130170;130170;130170;130170;130170;130170;130170;130170;130170;130170;130170;130170;130170;130170;130170;130170;130170;130170;130170;130170;130170;130170;130170;130170;130170;130170;130170;130170;130170;130170;130170;130170;130170;130170;130170;130170;130170;130170;130170;130170;130170;130170;130170;130170;130170;130170;130170;130170;130170;130170;130170;130170;130170;0;0
Bulgaria;BGR;Land area (sq. km);AG.LND.TOTL.K2;0;110630;110630;110630;110630;110630;110630;110630;110630;110630;110630;110630;110630;110630;110630;110630;110630;110630;110630;110630;110630;110630;110630;110630;110630;110630;110630;110630;110630;110630;110630;110630;110630;110630;110630;110630;110630;110630;110630;110630;110630;110630;108800;108770;108760;108640;108630;108610;108610;108560;108560;108560;108560;108560;108560;108560;108560;108560;108560;108560;108560;0;0
Bahrain;BHR;Land area (sq. km);AG.LND.TOTL.K2;0;690;690;690;690;690;690;690;690;690;690;690;690;690;690;690;690;690;690;690;690;690;690;690;690;690;690;690;690;690;690;690;710;710;710;710;710;710;710;710;710;710;710;720;730;740;740;750;760;760;762;767;770;770;771;778;779;780;780;783;785;0;0
Bahamas. The;BHS;Land area (sq. km);AG.LND.TOTL.K2;0;10010;10010;10010;10010;10010;10010;10010;10010;10010;10010;10010;10010;10010;10010;10010;10010;10010;10010;10010;10010;10010;10010;10010;10010;10010;10010;10010;10010;10010;10010;10010;10010;10010;10010;10010;10010;10010;10010;10010;10010;10010;10010;10010;10010;10010;10010;10010;10010;10010;10010;10010;10010;10010;10010;10010;10010;10010;10010;10010;10010;0;0
Bosnia and Herzegovina;BIH;Land area (sq. km);AG.LND.TOTL.K2;0;51200;51200;51200;51200;51200;51200;51200;51200;51200;51200;51200;51200;51200;51200;51200;51200;51200;51200;51200;51200;51200;51200;51200;51200;51200;51200;51200;51200;51200;51200;51200;51200;51200;51200;51200;51200;51200;51200;51200;51200;51200;51200;51200;51200;51200;51200;51200;51200;51200;51200;51200;51200;51200;51200;51200;51200;51200;51200;51200;51200;0;0
Belarus;BLR;Land area (sq. km);AG.LND.TOTL.K2;0;202928;202928;202928;202928;202928;202928;202928;202928;202928;202928;202928;202928;202928;202928;202928;202928;202928;202928;202928;202928;202928;202928;202928;202928;202928;202928;202928;202928;202928;202928;202928;202928;202892;202878;202868;202854;202855;202829;202835;202848;202844;202829;202826;202815;202833;202904;202901;202902;202898;202902;202910;202899;202908;202973;202978;202988;202988;202980;202965;202980;0;0
Belize;BLZ;Land area (sq. km);AG.LND.TOTL.K2;0;22810;22810;22810;22810;22810;22810;22810;22810;22810;22810;22810;22810;22810;22810;22810;22810;22810;22810;22810;22810;22810;22810;22810;22810;22810;22810;22810;22810;22810;22810;22810;22810;22810;22810;22810;22810;22810;22810;22810;22810;22810;22810;22810;22810;22810;22810;22810;22810;22810;22810;22810;22810;22810;22810;22810;22810;22810;22810;22810;22810;0;0
Bermuda;BMU;Land area (sq. km);AG.LND.TOTL.K2;0;54;54;54;54;54;54;54;54;54;54;54;54;54;54;54;54;54;54;54;54;54;54;54;54;54;54;54;54;54;54;54;54;54;54;54;54;54;54;54;54;54;54;54;54;54;54;54;54;54;54;54;54;54;54;54;54;54;54;54;54;0;0
Bolivia;BOL;Land area (sq. km);AG.LND.TOTL.K2;0;1083300;1083300;1083300;1083300;1083300;1083300;1083300;1083300;1083300;1083300;1083300;1083300;1083300;1083300;1083300;1083300;1083300;1083300;1083300;1083300;1083300;1083300;1083300;1083300;1083300;1083300;1083300;1083300;1083300;1083300;1083300;1083300;1083300;1083300;1083300;1083300;1083300;1083300;1083300;1083300;1083300;1083300;1083300;1083300;1083300;1083300;1083300;1083300;1083300;1083300;1083300;1083300;1083300;1083300;1083300;1083300;1083300;1083300;1083300;1083300;0;0
Brazil;BRA;Land area (sq. km);AG.LND.TOTL.K2;0;8358140;8358140;8358140;8358140;8358140;8358140;8358140;8358140;8358140;8358140;8358140;8358140;8358140;8358140;8358140;8358140;8358140;8358140;8358140;8358140;8358140;8358140;8358140;8358140;8358140;8358140;8358140;8358140;8358140;8358140;8358140;8358140;8358140;8358140;8358140;8358140;8358140;8358140;8358140;8358140;8358140;8358140;8358140;8358140;8358140;8358140;8358140;8358140;8358140;8358140;8358140;8358140;8358140;8358140;8358140;8358140;8358140;8358140;8358140;8358140;0;0
Barbados;BRB;Land area (sq. km);AG.LND.TOTL.K2;0;430;430;430;430;430;430;430;430;430;430;430;430;430;430;430;430;430;430;430;430;430;430;430;430;430;430;430;430;430;430;430;430;430;430;430;430;430;430;430;430;430;430;430;430;430;430;430;430;430;430;430;430;430;430;430;430;430;430;430;430;0;0
Brunei Darussalam;BRN;Land area (sq. km);AG.LND.TOTL.K2;0;5270;5270;5270;5270;5270;5270;5270;5270;5270;5270;5270;5270;5270;5270;5270;5270;5270;5270;5270;5270;5270;5270;5270;5270;5270;5270;5270;5270;5270;5270;5270;5270;5270;5270;5270;5270;5270;5270;5270;5270;5270;5270;5270;5270;5270;5270;5270;5270;5270;5270;5270;5270;5270;5270;5270;5270;5270;5270;5270;5270;0;0
Bhutan;BTN;Land area (sq. km);AG.LND.TOTL.K2;0;46723;46723;46723;46723;46723;46723;46723;46723;46723;46723;46723;46723;46723;46723;46723;46723;46723;46723;46723;46723;46723;46723;46723;46723;46723;46723;46723;46723;46723;46723;46723;46723;46723;39800;39800;39800;39800;39800;39800;39800;39800;39800;39800;38117;38117;38117;38117;38117;38117;38117;38117;38117;38117;38117;38117;38144;38144;38140;38140;38140;0;0
Botswana;BWA;Land area (sq. km);AG.LND.TOTL.K2;0;566730;566730;566730;566730;566730;566730;566730;566730;566730;566730;566730;566730;566730;566730;566730;566730;566730;566730;566730;566730;566730;566730;566730;566730;566730;566730;566730;566730;566730;566730;566730;566730;566730;566730;566730;566730;566730;566730;566730;566730;566730;566730;566730;566730;566730;566730;566730;566730;566730;566730;566730;566730;566730;566730;566730;566730;566730;566730;566730;566730;0;0
Central African Republic;CAF;Land area (sq. km);AG.LND.TOTL.K2;0;622980;622980;622980;622980;622980;622980;622980;622980;622980;622980;622980;622980;622980;622980;622980;622980;622980;622980;622980;622980;622980;622980;622980;622980;622980;622980;622980;622980;622980;622980;622980;622980;622980;622980;622980;622980;622980;622980;622980;622980;622980;622980;622980;622980;622980;622980;622980;622980;622980;622980;622980;622980;622980;622980;622980;622980;622980;622980;622980;622980;0;0
Canada;CAN;Land area (sq. km);AG.LND.TOTL.K2;0;8965590;8965590;8965590;8965590;8965590;8965590;8965590;8965590;8965590;8965590;8965590;8965590;8965590;8965590;8965590;8965590;8965590;8965590;8965590;8965590;8965590;8965590;8965590;8965590;8965590;8965590;8965590;8965590;8965590;8965590;8965590;8965590;8965590;8965590;8965590;8965590;8965590;8965590;8965590;8965590;8965590;8965590;8965590;8965590;8965590;8965590;8965590;8965590;8965590;8965590;8965590;8965590;8965590;8965590;8965590;8965590;8965590;8965590;8965590;8965590;0;0
Switzerland;CHE;Land area (sq. km);AG.LND.TOTL.K2;0;39528;39528;39528;39528;39528;39528;39528;39528;39528;39528;39528;39528;39528;39528;39528;39528;39528;39528;39528;39528;39528;39528;39528;39529;39529;39529;39529;39529;39529;39529;39529;39529;39529;39529;39529;39528;39527;39526;39525;39524;39523;39522;39521;39520;39518;39517;39516;39516;39516;39516;39516;39516;39516;39516;39516.03;39516.03;39516.03;39516.03;39516.03;39516.03;0;0
Chile;CHL;Land area (sq. km);AG.LND.TOTL.K2;0;743532;743532;743532;743532;743532;743532;743532;743532;743532;743532;743532;743532;743532;743532;743532;743532;743532;743532;743532;743532;743532;743532;743532;743532;743532;743532;743532;743532;743532;743532;743532;743532;743532;743532;743532;743532;743532;743532;743532;743532;743532;743532;743532;743532;743532;743532;743532;743532;743532;743532;743532;743532;743532;743532;743532;743532;743532;743532;743532;743532;0;0
China;CHN;Land area (sq. km);AG.LND.TOTL.K2;0;9424700;9424700;9424700;9424700;9424700;9424700;9424700;9424700;9424700;9424700;9424700;9424700;9424700;9424700;9424690;9424690;9424680;9424680;9424680;9424680;9424680;9424670;9424670;9424670;9424670;9424670;9424670;9424670;9424670;9424670;9424670;9424670;9424670;9424670;9424720;9424710;9424710;9424710;9424710;9424700;9424700.2;9424700.2;9424699.7;9424700.5;9424699.8;9424700;9424700;9424700;9424700.5;9424700.7;9424700.9;9424700.9;9424701.3;9424701.3;9424701.4;9424700.5;9424700.8;9424702.9;9424702.9;9424702.9;0;0
Cote d'Ivoire;CIV;Land area (sq. km);AG.LND.TOTL.K2;0;318000;318000;318000;318000;318000;318000;318000;318000;318000;318000;318000;318000;318000;318000;318000;318000;318000;318000;318000;318000;318000;318000;318000;318000;318000;318000;318000;318000;318000;318000;318000;318000;318000;318000;318000;318000;318000;318000;318000;318000;318000;318000;318000;318000;318000;318000;318000;318000;318000;318000;318000;318000;318000;318000;318000;318000;318000;318000;318000;318000;0;0
Cameroon;CMR;Land area (sq. km);AG.LND.TOTL.K2;0;472710;472710;472710;472710;472710;472710;472710;472710;472710;472710;472710;472710;472710;472710;472710;472710;472710;472710;472710;472710;472710;472710;472710;472710;472710;472710;472710;472710;472710;472710;472710;472710;472710;472710;472710;472710;472710;472710;472710;472710;472710;472710;472710;472710;472710;472710;472710;472710;472710;472710;472710;472710;472710;472710;472710;472710;472710;472710;472710;472710;0;0
Colombia;COL;Land area (sq. km);AG.LND.TOTL.K2;0;1109500;1109500;1109500;1109500;1109500;1109500;1109500;1109500;1109500;1109500;1109500;1109500;1109500;1109500;1109500;1109500;1109500;1109500;1109500;1109500;1109500;1109500;1109500;1109500;1109500;1109500;1109500;1109500;1109500;1109500;1109500;1109500;1109500;1109500;1109500;1109500;1109500;1109500;1109500;1109500;1109500;1109500;1109500;1109500;1109500;1109500;1109500;1109500;1109500;1109500;1109500;1109500;1109500;1109500;1109500;1109500;1109500;1109500;1109500;1109500;0;0
Comoros;COM;Land area (sq. km);AG.LND.TOTL.K2;0;1861;1861;1861;1861;1861;1861;1861;1861;1861;1861;1861;1861;1861;1861;1861;1861;1861;1861;1861;1861;1861;1861;1861;1861;1861;1861;1861;1861;1861;1861;1861;1861;1861;1861;1861;1861;1861;1861;1861;1861;1861;1861;1861;1861;1861;1861;1861;1861;1861;1861;1861;1861;1861;1861;1861;1861;1861;1861;1861;1861;0;0
Cabo Verde;CPV;Land area (sq. km);AG.LND.TOTL.K2;0;4030;4030;4030;4030;4030;4030;4030;4030;4030;4030;4030;4030;4030;4030;4030;4030;4030;4030;4030;4030;4030;4030;4030;4030;4030;4030;4030;4030;4030;4030;4030;4030;4030;4030;4030;4030;4030;4030;4030;4030;4030;4030;4030;4030;4030;4030;4030;4030;4030;4030;4030;4030;4030;4030;4030;4030;4030;4030;4030;4030;0;0
Costa Rica;CRI;Land area (sq. km);AG.LND.TOTL.K2;0;51060;51060;51060;51060;51060;51060;51060;51060;51060;51060;51060;51060;51060;51060;51060;51060;51060;51060;51060;51060;51060;51060;51060;51060;51060;51060;51060;51060;51060;51060;51060;51060;51060;51060;51060;51060;51060;51060;51060;51060;51060;51060;51060;51060;51060;51060;51060;51060;51060;51060;51060;51060;51060;51060;51060;51060;51060;51060;51060;51060;0;0
Cuba;CUB;Land area (sq. km);AG.LND.TOTL.K2;0;107400;107400;107400;107400;107400;107400;107400;107400;107400;107400;107400;107400;107400;107400;107400;107400;107400;107400;107400;107400;107400;107400;107400;107400;107400;107400;107400;107400;107400;107400;107400;107400;107400;107400;107400;107400;107400;107400;107400;107400;107400;106390;106400;106410;106440;106430;106440;106440;106440;106440;106863;106649;104220;104020;104100;104040;103800;103800;103800;103800;0;0
Curacao;CUW;Land area (sq. km);AG.LND.TOTL.K2;0;444;444;444;444;444;444;444;444;444;444;444;444;444;444;444;444;444;444;444;444;444;444;444;444;444;444;444;444;444;444;444;444;444;444;444;444;444;444;444;444;444;444;444;444;444;444;444;444;444;444;444;444;444;444;444;444;444;444;444;444;0;0
Cayman Islands;CYM;Land area (sq. km);AG.LND.TOTL.K2;0;240;240;240;240;240;240;240;240;240;240;240;240;240;240;240;240;240;240;240;240;240;240;240;240;240;240;240;240;240;240;240;240;240;240;240;240;240;240;240;240;240;240;240;240;240;240;240;240;240;240;240;240;240;240;240;240;240;240;240;240;0;0
Cyprus;CYP;Land area (sq. km);AG.LND.TOTL.K2;0;9240;9240;9240;9240;9240;9240;9240;9240;9240;9240;9240;9240;9240;9240;9240;9240;9240;9240;9240;9240;9240;9240;9240;9240;9240;9240;9240;9240;9240;9240;9240;9240;9240;9240;9240;9240;9240;9240;9240;9240;9240;9240;9240;9240;9240;9240;9240;9240;9240;9240;9240;9240;9240;9240;9240;9240;9240;9240;9240;9240;0;0
Czechia;CZE;Land area (sq. km);AG.LND.TOTL.K2;0;77270;77270;77270;77270;77270;77270;77270;77270;77270;77270;77270;77270;77270;77270;77270;77270;77270;77270;77270;77270;77270;77270;77270;77270;77270;77270;77270;77270;77270;77270;77270;77270;77270;77270;77270;77270;77270;77270;77270;77270;77270;77270;77270;77260;77260;77250;77250;77240;77240;77230;77230;77230;77220;77220;77210;77210;77210;77210;77205.5;77198.53;0;0
Germany;DEU;Land area (sq. km);AG.LND.TOTL.K2;0;349130;349130;349130;349130;349130;349130;349130;349130;349130;349130;349130;349130;349130;349130;349130;349130;349130;349130;349130;349130;349130;349130;349130;349130;349130;349130;349130;349130;349130;349130;349130;349130;349120;349110;349100;349090;349050;349020;348980;348950;348900;348860;348810;348770;348760;348720;348670;348630;348610;348570;348560;348540;348880;348900;348860;349360;349370;349380;349390;349390;0;0
Djibouti;DJI;Land area (sq. km);AG.LND.TOTL.K2;0;23180;23180;23180;23180;23180;23180;23180;23180;23180;23180;23180;23180;23180;23180;23180;23180;23180;23180;23180;23180;23180;23180;23180;23180;23180;23180;23180;23180;23180;23180;23180;23180;23180;23180;23180;23180;23180;23180;23180;23180;23180;23180;23180;23180;23180;23180;23180;23180;23180;23180;23180;23180;23180;23180;23180;23180;23180;23180;23180;23180;0;0
Dominica;DMA;Land area (sq. km);AG.LND.TOTL.K2;0;750;750;750;750;750;750;750;750;750;750;750;750;750;750;750;750;750;750;750;750;750;750;750;750;750;750;750;750;750;750;750;750;750;750;750;750;750;750;750;750;750;750;750;750;750;750;750;750;750;750;750;750;750;750;750;750;750;750;750;750;0;0
Denmark;DNK;Land area (sq. km);AG.LND.TOTL.K2;0;40000;40000;40000;40000;40000;40000;40000;40000;40000;40000;40000;40000;40000;40000;40000;40000;40000;40000;40000;40000;40000;40000;40000;40000;40000;40000;40000;40000;40000;40000;40000;40000;40000;40000;40000;40000;40000;40000;40000;40000;40000;40000;40000;40000;40000;40000;40000;40000;40000;40000;40000;40000;40000;40000;40000;40000;40000;40000;40000;40000;0;0
Dominican Republic;DOM;Land area (sq. km);AG.LND.TOTL.K2;0;48310;48310;48310;48310;48310;48310;48310;48310;48310;48310;48310;48310;48310;48310;48310;48310;48310;48310;48310;48310;48310;48310;48310;48310;48310;48310;48310;48310;48310;48310;48310;48310;48310;48310;48310;48310;48310;48310;48310;48310;48310;48310;48310;48310;48310;48310;48310;48310;48310;48310;48310;48310;48310;48310;48310;48310;48310;48310;48310;48310;0;0
Algeria;DZA;Land area (sq. km);AG.LND.TOTL.K2;0;2381740;2381740;2381740;2381740;2381740;2381740;2381740;2381740;2381740;2381740;2381740;2381740;2381740;2381740;2381740;2381740;2381740;2381740;2381740;2381740;2381740;2381740;2381740;2381740;2381740;2381740;2381740;2381740;2381740;2381740;2381740;2381740;2381740;2381740;2381740;2381740;2381740;2381740;2381740;2381740;2381740;2381740;2381740;2381740;2381740;2381740;2381740;2381740;2381740;2381740;2381740;2381740;2381740;2381740;2381741;2381741;2381741;2381741;2381741;2381741;0;0
Egypt. Arab Rep.;EGY;Land area (sq. km);AG.LND.TOTL.K2;0;995450;995450;995450;995450;995450;995450;995450;995450;995450;995450;995450;995450;995450;995450;995450;995450;995450;995450;995450;995450;995450;995450;995450;995450;995450;995450;995450;995450;995450;995450;995450;995450;995450;995450;995450;995450;995450;995450;995450;995450;995450;995450;995450;995450;995450;995450;995450;995450;995450;995450;995450;995450;995450;995450;995450;995450;995450;995450;995450;995450;0;0
Spain;ESP;Land area (sq. km);AG.LND.TOTL.K2;0;499780;499780;499780;499780;499780;499780;499780;499780;499780;499780;499780;499780;499780;499750;499630;499570;499540;499530;499540;499470;499460;499460;499430;499440;499440;499440;499440;499440;499440;499440;499440;499440;499440;499440;499440;499440;499440;499440;499440;499000;498520;499040;499210;499180;499090;498980;499110;498800;498660;500010;499880;500210;500210;500210;499661;499564;499547.35;499603479;499570036;499556645;0;0
Estonia;EST;Land area (sq. km);AG.LND.TOTL.K2;0;42390;42390;42390;42390;42390;42390;42390;42390;42390;42390;42390;42390;42390;42390;42390;42390;42390;42390;42390;42390;42390;42390;42390;42390;42390;42390;42390;42390;42390;42390;42390;42390;42390;42390;42390;42390;42390;42390;42390;42390;42390;42390;42390;42390;42390;42390;42390;42390;42390;42390;42390;42390;43470;43470;43470;43470;42750;42750;42750;42750;0;0
Ethiopia;ETH;Land area (sq. km);AG.LND.TOTL.K2;0;1101000;1101000;1101000;1101000;1101000;1101000;1101000;1101000;1101000;1101000;1101000;1101000;1101000;1101000;1101000;1101000;1101000;1101000;1101000;1101000;1101000;1101000;1101000;1101000;1101000;1101000;1101000;1101000;1101000;1101000;1101000;1101000;1000000;1000000;1000000;1000000;1000000;1000000;1000000;1000000;1000000;1000000;1000000;1128597297;1128599766;1128613221;1128631059;1128568396;1128588692;1128570952;1128575061;1128582022;1128572048;1128538282;1128539353;1128558509;1128552.82;1128561429;1128570858;1128571265;0;0
Finland;FIN;Land area (sq. km);AG.LND.TOTL.K2;0;304590;304590;304590;304590;304590;304590;304590;304590;304590;304590;304590;304590;304590;304590;304590;304590;304590;304590;304590;304590;304590;304590;304590;304590;304590;304590;304590;304590;304590;304590;304590;304590;304590;304590;304590;304590;304590;304590;304590;304590;304590;304590;304590;304590;304590;304110;304090;303900;303900;303900;303890;303890;303890;303890;303910;303910;303920;303920;303930;303940;0;0
Fiji;FJI;Land area (sq. km);AG.LND.TOTL.K2;0;18270;18270;18270;18270;18270;18270;18270;18270;18270;18270;18270;18270;18270;18270;18270;18270;18270;18270;18270;18270;18270;18270;18270;18270;18270;18270;18270;18270;18270;18270;18270;18270;18270;18270;18270;18270;18270;18270;18270;18270;18270;18270;18270;18270;18270;18270;18270;18270;18270;18270;18270;18270;18270;18270;18270;18270;18270;18270;18270;18270;0;0
France;FRA;Land area (sq. km);AG.LND.TOTL.K2;0;547566;547566;547566;547566;547566;547566;547566;547566;547566;547566;547566;547566;547566;547566;547566;547566;547566;547566;547566;547566;547566;547566;547566;547566;547566;547566;547566;547566;547566;547566;547566;547566;547566;547566;547566;547566;547566;547566;547566;547567;547567;547567;547867;547567;547557;547557;547557;547557;547557;547557;547557;547557;547557;547557;547557;547557;547557;547557;547557;547557;0;0
Faroe Islands;FRO;Land area (sq. km);AG.LND.TOTL.K2;0;1396;1396;1396;1396;1396;1396;1396;1396;1396;1396;1396;1396;1396;1396;1396;1396;1396;1396;1396;1396;1396;1396;1396;1396;1396;1396;1396;1396;1396;1396;1396;1396;1396;1396;1396;1396;1396;1396;1396;1396;1396;1396;1396;1396;1396;1396;1396;1396;1396;1396;1396;1396;1396;1396;1396;1396;1396;1396;1396;1366;0;0
Gabon;GAB;Land area (sq. km);AG.LND.TOTL.K2;0;257670;257670;257670;257670;257670;257670;257670;257670;257670;257670;257670;257670;257670;257670;257670;257670;257670;257670;257670;257670;257670;257670;257670;257670;257670;257670;257670;257670;257670;257670;257670;257670;257670;257670;257670;257670;257670;257670;257670;257670;257670;257670;257670;257670;257670;257670;257670;257670;257670;257670;257670;257670;257670;257670;257670;257670;257670;257670;257670;257670;0;0
United Kingdom;GBR;Land area (sq. km);AG.LND.TOTL.K2;0;241930;241930;241930;241930;241930;241930;241930;241930;241930;241930;241930;241930;241930;241930;241930;241930;241930;241930;241930;241930;241930;241930;241930;241930;241930;241930;241930;241930;241930;241930;241930;241930;241930;241930;241930;241930;241930;241930;241930;241930;241930;241930;241930;241930;241930;241930;241930;241930;241930;241930;241930;241930;241930;241930;241930;241930;241930;241930;241930;241930;0;0
Georgia;GEO;Land area (sq. km);AG.LND.TOTL.K2;0;69490;69490;69490;69490;69490;69490;69490;69490;69490;69490;69490;69490;69490;69490;69490;69490;69490;69490;69490;69490;69490;69490;69490;69490;69490;69490;69490;69490;69490;69490;69490;69490;69490;69490;69490;69490;69490;69490;69490;69490;69490;69490;69490;69490;69490;69490;69490;69490;69490;69490;69490;69490;69490;69490;69490;69490;69490;69490;69490;69490;0;0
Ghana;GHA;Land area (sq. km);AG.LND.TOTL.K2;0;227540;227540;227540;227540;227540;227540;227540;227540;227540;227540;227540;227540;227540;227540;227540;227540;227540;227540;227540;227540;227540;227540;227540;227540;227540;227540;227540;227540;227540;227540;227540;227540;227540;227540;227540;227540;227540;227540;227540;227540;227540;227540;227540;227540;227540;227540;227540;227540;227540;227540;227540;227540;227540;227540;227540;227540;227540;227540;227540;227533;0;0
Gibraltar;GIB;Land area (sq. km);AG.LND.TOTL.K2;0;10;10;10;10;10;10;10;10;10;10;10;10;10;10;10;10;10;10;10;10;10;10;10;10;10;10;10;10;10;10;10;10;10;10;10;10;10;10;10;10;10;10;10;10;10;10;10;10;10;10;10;10;10;10;10;10;10;10;10;10;0;0
Guinea;GIN;Land area (sq. km);AG.LND.TOTL.K2;0;245720;245720;245720;245720;245720;245720;245720;245720;245720;245720;245720;245720;245720;245720;245720;245720;245720;245720;245720;245720;245720;245720;245720;245720;245720;245720;245720;245720;245720;245720;245720;245720;245720;245720;245720;245720;245720;245720;245720;245720;245720;245720;245720;245720;245720;245720;245720;245720;245720;245720;245720;245720;245720;245720;245720;245720;245720;245720;245720;245720;0;0
Gambia. The;GMB;Land area (sq. km);AG.LND.TOTL.K2;0;10120;10120;10120;10120;10120;10120;10120;10120;10120;10120;10120;10120;10120;10120;10120;10120;10120;10120;10120;10120;10120;10120;10120;10120;10120;10120;10120;10120;10120;10120;10120;10120;10120;10120;10120;10120;10120;10120;10120;10120;10120;10120;10120;10120;10120;10120;10120;10120;10120;10120;10120;10120;10120;10120;10120;10120;10120;10120;10120;10120;0;0
Guinea-Bissau;GNB;Land area (sq. km);AG.LND.TOTL.K2;0;28120;28120;28120;28120;28120;28120;28120;28120;28120;28120;28120;28120;28120;28120;28120;28120;28120;28120;28120;28120;28120;28120;28120;28120;28120;28120;28120;28120;28120;28120;28120;28120;28120;28120;28120;28120;28120;28120;28120;28120;28120;28120;28120;28120;28120;28120;28120;28120;28120;28120;28120;28120;28120;28120;28120;28120;28120;28120;28120;28120;0;0
Equatorial Guinea;GNQ;Land area (sq. km);AG.LND.TOTL.K2;0;28050;28050;28050;28050;28050;28050;28050;28050;28050;28050;28050;28050;28050;28050;28050;28050;28050;28050;28050;28050;28050;28050;28050;28050;28050;28050;28050;28050;28050;28050;28050;28050;28050;28050;28050;28050;28050;28050;28050;28050;28050;28050;28050;28050;28050;28050;28050;28050;28050;28050;28050;28050;28050;28050;28050;28050;28050;28050;28050;28050;0;0
Greece;GRC;Land area (sq. km);AG.LND.TOTL.K2;0;128900;128900;128900;128900;128900;128900;128900;128900;128900;128900;128900;128900;128900;128900;128900;128900;128900;128900;128900;128900;128900;128900;128900;128900;128900;128900;128900;128900;128900;128900;128900;128900;128900;128900;128900;128900;128900;128900;128900;128900;128900;128900;128900;128900;128900;128900;128900;128900;128900;128900;128900;128900;128900;128900;128900;128900;128900;128900;128900;128900;0;0
Grenada;GRD;Land area (sq. km);AG.LND.TOTL.K2;0;340;340;340;340;340;340;340;340;340;340;340;340;340;340;340;340;340;340;340;340;340;340;340;340;340;340;340;340;340;340;340;340;340;340;340;340;340;340;340;340;340;340;340;340;340;340;340;340;340;340;340;340;340;340;340;340;340;340;340;340;0;0
Greenland;GRL;Land area (sq. km);AG.LND.TOTL.K2;0;341700;341700;341700;341700;341700;341700;341700;341700;341700;341700;341700;341700;341700;341700;341700;341700;341700;341700;341700;341700;341700;341700;341700;341700;341700;341700;341700;341700;341700;341700;341700;341700;341700;341700;341700;341700;410450;410450;410450;410450;410450;410450;410450;410450;410450;410450;410450;410450;410450;410450;410450;410450;410450;410450;410450;410450;410450;410450;410450;410450;0;0
Guatemala;GTM;Land area (sq. km);AG.LND.TOTL.K2;0;107160;107160;107160;107160;107160;107160;107160;107160;107160;107160;107160;107160;107160;107160;107160;107160;107160;107160;107160;107160;107160;107160;107160;107160;107160;107160;107160;107160;107160;107160;107160;107160;107160;107160;107160;107160;107160;107160;107160;107160;107160;107160;107160;107160;107160;107160;107160;107160;107160;107160;107160;107160;107160;107160;107160;107160;107160;107160;107160;107160;0;0
Guam;GUM;Land area (sq. km);AG.LND.TOTL.K2;0;540;540;540;540;540;540;540;540;540;540;540;540;540;540;540;540;540;540;540;540;540;540;540;540;540;540;540;540;540;540;540;540;540;540;540;540;540;540;540;540;540;540;540;540;540;540;540;540;540;540;540;540;540;540;540;540;540;540;540;540;0;0
Guyana;GUY;Land area (sq. km);AG.LND.TOTL.K2;0;196710;196710;196710;196710;196710;196710;196710;196710;196710;196710;196710;196710;196710;196710;196850;196850;196850;196850;196850;196850;196850;196850;196850;196850;196850;196850;196850;196850;196850;196850;196850;196850;196850;196850;196850;196850;196850;196850;196850;196850;196850;196850;196850;196850;196850;196850;196850;196850;196850;196850;196850;196850;196850;196850;196850;196850;196850;196850;196850;196850;0;0
Honduras;HND;Land area (sq. km);AG.LND.TOTL.K2;0;111890;111890;111890;111890;111890;111890;111890;111890;111890;111890;111890;111890;111890;111890;111890;111890;111890;111890;111890;111890;111890;111890;111890;111890;111890;111890;111890;111890;111890;111890;111890;111890;111890;111890;111890;111890;111890;111890;111890;111890;111890;111890;111890;111890;111890;111890;111890;111890;111890;111890;111890;111890;111890;111890;111890;111890;111890;111890;111890;111890;0;0
Croatia;HRV;Land area (sq. km);AG.LND.TOTL.K2;0;55910;55910;55910;55910;55910;55910;55910;55910;55910;55910;55910;55910;55910;55910;55910;55910;55910;55910;55910;55910;55910;55910;55910;55910;55910;55910;55910;55910;55910;55910;55910;55910;55910;55910;55910;55980;55980;55910;55910;55912;55912;55912;55964;55964;55964;55964;55964;55964;55964;55964;55964;55964;55964;55964;55964;55964;55964;55964;55964;55960;0;0
Haiti;HTI;Land area (sq. km);AG.LND.TOTL.K2;0;27560;27560;27560;27560;27560;27560;27560;27560;27560;27560;27560;27560;27560;27560;27560;27560;27560;27560;27560;27560;27560;27560;27560;27560;27560;27560;27560;27560;27560;27560;27560;27560;27560;27560;27560;27560;27560;27560;27560;27560;27560;27560;27560;27560;27560;27560;27560;27560;27560;27560;27560;27560;27560;27560;27560;27560;27560;27560;27560;27560;0;0
Hungary;HUN;Land area (sq. km);AG.LND.TOTL.K2;0;90040;90020;90030;90030;90020;90010;90000;89990;89990;89980;89970;89970;89970;89970;89970;89950;89960;89970;89920;89910;89900;89890;89880;89880;89880;89880;89880;89870;89870;89870;89870;89870;89860;89860;89860;89860;89800;89800;89800;89620;89620;89620;89620;89620;89610;89610;89610;89610;90530;90530;90530;90530;90530;91260;91260;91260;91260;91260;91260;91260;0;0
Indonesia;IDN;Land area (sq. km);AG.LND.TOTL.K2;0;1811570;1811570;1811570;1811570;1811570;1811570;1811570;1811570;1811570;1811570;1811570;1811570;1811570;1811570;1811570;1811570;1811570;1811570;1811570;1811570;1811570;1811570;1811570;1811570;1811570;1811570;1811570;1811570;1811570;1811570;1811570;1811570;1811570;1811570;1811570;1811570;1811570;1811570;1811570;1877519;1877519;1877519;1877519;1877519;1877519;1877519;1877519;1877519;1877519;1877519;1877519;1877519;1877519;1877519;1877519;1877519;1877519;1877519;1877519;1877519;0;0
Isle of Man;IMN;Land area (sq. km);AG.LND.TOTL.K2;0;570;570;570;570;570;570;570;570;570;570;570;570;570;570;570;570;570;570;570;570;570;570;570;570;570;570;570;570;570;570;570;570;570;570;570;570;570;570;570;570;570;570;570;570;570;570;570;570;570;570;570;570;570;570;570;570;570;570;570;570;0;0
India;IND;Land area (sq. km);AG.LND.TOTL.K2;0;2973190;2973190;2973190;2973190;2973190;2973190;2973190;2973190;2973190;2973190;2973190;2973190;2973190;2973190;2973190;2973190;2973190;2973190;2973190;2973190;2973190;2973190;2973190;2973190;2973190;2973190;2973190;2973190;2973190;2973190;2973190;2973190;2973190;2973190;2973190;2973190;2973190;2973190;2973190;2973190;2973190;2973190;2973190;2973190;2973190;2973190;2973190;2973190;2973190;2973190;2973190;2973190;2973190;2973190;2973190;2973190;2973190;2973190;2973190;2973190;0;0
Ireland;IRL;Land area (sq. km);AG.LND.TOTL.K2;0;68890;68890;68890;68890;68890;68890;68890;68890;68890;68890;68890;68890;68890;68890;68890;68890;68890;68890;68890;68890;68890;68890;68890;68890;68890;68890;68890;68890;68890;68890;68890;68890;68890;68890;68890;68890;68890;68890;68890;68890;68890;68890;68890;68890;68890;68890;68890;68890;68890;68890;68890;68890;68890;68890;68890;68890;68890;68890;68890;68890;0;0
Iran. Islamic Rep.;IRN;Land area (sq. km);AG.LND.TOTL.K2;0;1628760;1628760;1628760;1628760;1628760;1628760;1628760;1628760;1628760;1628760;1628760;1628760;1628760;1628760;1628760;1628760;1628760;1628760;1628760;1628760;1628760;1628760;1628760;1628760;1628760;1628760;1628760;1628760;1628760;1628760;1628760;1628760;1628760;1628760;1628760;1628760;1628760;1628760;1628760;1628760;1628760;1628760;1628760;1628760;1628760;1628760;1628760;1628760;1628760;1628760;1628760;1628760;1628760;1628760;1628760;1628760;1622500;1622500;1622500;1622500;0;0
Iraq;IRQ;Land area (sq. km);AG.LND.TOTL.K2;0;437370;437370;437370;437370;437370;437370;437370;437370;437370;437370;437370;437370;437370;437370;437370;437370;437370;437370;437370;437370;437370;437370;437370;437370;437370;437370;437370;437370;437370;437370;437370;437370;437370;437370;437370;437370;437370;437370;437370;437370;437370;437370;437370;437370;437370;437370;437370;437370;434320;434320;434320;434320;434128;434128;434128;434128;434128;434128;434128;434128;0;0
Iceland;ISL;Land area (sq. km);AG.LND.TOTL.K2;0;100250;100250;100250;100250;100250;100250;100250;100250;100250;100250;100250;100250;100250;100250;100250;100250;100250;100250;100250;100250;100250;100250;100250;100250;100250;100250;100250;100250;100250;100250;100250;100250;100250;100250;100250;100250;100250;100250;100250;100250;100250;100250;100250;100250;100250;100250;100250;100250;100250;100250;100250;100250;100250;100250;100250;100250;100250;100830;100830;100830;0;0
Israel;ISR;Land area (sq. km);AG.LND.TOTL.K2;0;21640;21640;21640;21640;21640;21640;21640;21640;21640;21640;21640;21640;21640;21640;21640;21640;21640;21640;21640;21640;21640;21640;21640;21640;21640;21640;21640;21640;21640;21640;21640;21640;21640;21640;21640;21640;21640;21640;21640;21640;21640;21640;21640;21640;21640;21640;21640;21640;21640;21640;21640;21640;21640;21640;21640;21640;21640;21640;21640;21640;0;0
Italy;ITA;Land area (sq. km);AG.LND.TOTL.K2;0;294110;294110;294110;294110;294110;294110;294110;294110;294110;294110;294110;294110;294110;294110;294110;294110;294110;294110;294110;294110;294110;294110;294110;294110;294110;294110;294110;294110;294110;294110;294110;294110;294110;294110;294110;294110;294110;294110;294110;295718;295718;295718;295718;295718;295718;295718;295718;295718;295718;295718;295718;295718;295718;295718;295718;295718;295718;295718;295717;295717;0;0
Jamaica;JAM;Land area (sq. km);AG.LND.TOTL.K2;0;10830;10830;10830;10830;10830;10830;10830;10830;10830;10830;10830;10830;10830;10830;10830;10830;10830;10830;10830;10830;10830;10830;10830;10830;10830;10830;10830;10830;10830;10830;10830;10830;10830;10830;10830;10830;10830;10830;10830;10830;10830;10830;10830;10830;10830;10830;10830;10830;10830;10830;10830;10830;10830;10830;10830;10830;10830;10830;10830;10830;0;0
Jordan;JOR;Land area (sq. km);AG.LND.TOTL.K2;0;88240;88240;88240;88240;88240;88240;88240;88240;88240;88240;88240;88240;88240;88240;88240;88240;88240;88240;88240;88240;88240;88240;88240;88240;88240;88240;88240;88240;88240;88240;88240;88240;88240;88240;88240;88240;88240;88240;88240;88240;88240;88240;88240;88240;88240;88240;88240;88240;88780;88780;88780;88780;88780;88780;88780;88780;88780;88780;88794;88794;0;0
Japan;JPN;Land area (sq. km);AG.LND.TOTL.K2;0;366700;366700;366700;366700;366700;366700;366700;366700;366700;366700;366700;366600;366600;366600;366500;366500;366400;366400;366400;366300;366400;366200;366200;364700;364600;364700;364600;364600;364600;364600;364600;364600;364600;364600;364600;364500;364500;364500;364500;364500;364500;364500;364500;364500;364500;364500;364500;364500;364500;364500;364500;364500;364500;364500;364500;364500;364500;364500;364500;364500;0;0
Kazakhstan;KAZ;Land area (sq. km);AG.LND.TOTL.K2;0;2699700;2699700;2699700;2699700;2699700;2699700;2699700;2699700;2699700;2699700;2699700;2699700;2699700;2699700;2699700;2699700;2699700;2699700;2699700;2699700;2699700;2699700;2699700;2699700;2699700;2699700;2699700;2699700;2699700;2699700;2699700;2699700;2699700;2699700;2699700;2699700;2699700;2699700;2699700;2699700;2699700;2699700;2699700;2699700;2699700;2699700;2699700;2699700;2699700;2699700;2699700;2699700;2699700;2699700;2699700;2699700;2699700;2699700;2699700;2699700;0;0
Kenya;KEN;Land area (sq. km);AG.LND.TOTL.K2;0;569140;569140;569140;569140;569140;569140;569140;569140;569140;569140;569140;569140;569140;569140;569140;569140;569140;569140;569140;569140;569140;569140;569140;569140;569140;569140;569140;569140;569140;569140;569140;569140;569140;569140;569140;569140;569140;569140;569140;569140;569140;569140;569140;569140;569140;569140;569140;569140;569140;569140;569140;569140;569140;569140;569140;569140;569140;569140;569140;569140;0;0
Kyrgyz Republic;KGZ;Land area (sq. km);AG.LND.TOTL.K2;0;191800;191800;191800;191800;191800;191800;191800;191800;191800;191800;191800;191800;191800;191800;191800;191800;191800;191800;191800;191800;191800;191800;191800;191800;191800;191800;191800;191800;191800;191800;191800;191800;191800;191800;191800;191800;191800;191800;191800;191800;191800;191800;191800;191800;191800;191800;191800;191800;191800;191800;191800;191800;191800;191800;191800;191800;191800;191800;191800;191800;0;0
Cambodia;KHM;Land area (sq. km);AG.LND.TOTL.K2;0;176520;176520;176520;176520;176520;176520;176520;176520;176520;176520;176520;176520;176520;176520;176520;176520;176520;176520;176520;176520;176520;176520;176520;176520;176520;176520;176520;176520;176520;176520;176520;176520;176520;176520;176520;176520;176520;176520;176520;176520;176520;176520;176520;176520;176520;176520;176520;176520;176520;176520;176520;176520;176520;176520;176520;176520;176520;176520;176520;176520;0;0
Kiribati;KIR;Land area (sq. km);AG.LND.TOTL.K2;0;810;810;810;810;810;810;810;810;810;810;810;810;810;810;810;810;810;810;810;810;810;810;810;810;810;810;810;810;810;810;810;810;810;810;810;810;810;810;810;810;810;810;810;810;810;810;810;810;810;810;810;810;810;810;810;810;810;810;810;810;0;0
St. Kitts and Nevis;KNA;Land area (sq. km);AG.LND.TOTL.K2;0;350;350;350;350;350;350;350;350;350;350;350;350;350;350;350;350;350;350;350;260;260;260;260;260;260;260;260;260;260;260;260;260;260;260;260;260;260;260;260;260;260;260;260;260;260;260;260;260;260;260;260;260;260;260;260;260;260;260;260;260;0;0
Korea. Rep.;KOR;Land area (sq. km);AG.LND.TOTL.K2;0;96460;96460;96460;96460;96460;96460;96460;96460;96460;96460;96460;96460;96460;96460;96460;96460;96460;96460;96460;96460;96460;96460;96460;96460;96460;96460;96460;96460;96460;96460;96460;96460;96460;96460;96460;96460;96460;96460;96460;96460;96740;96790;96800;96820;96850;96880;96920;96990;97060;97200;97190;97310;97426;97430;97445;97489;97510;97520;97600;97600;0;0
Kuwait;KWT;Land area (sq. km);AG.LND.TOTL.K2;0;17820;17820;17820;17820;17820;17820;17820;17820;17820;17820;17820;17820;17820;17820;17820;17820;17820;17820;17820;17820;17820;17820;17820;17820;17820;17820;17820;17820;17820;17820;17820;17820;17820;17820;17820;17820;17820;17820;17820;17820;17820;17820;17820;17820;17820;17820;17820;17820;17820;17820;17820;17820;17820;17820;17820;17820;17820;17820;17820;17820;0;0
Lao PDR;LAO;Land area (sq. km);AG.LND.TOTL.K2;0;230800;230800;230800;230800;230800;230800;230800;230800;230800;230800;230800;230800;230800;230800;230800;230800;230800;230800;230800;230800;230800;230800;230800;230800;230800;230800;230800;230800;230800;230800;230800;230800;230800;230800;230800;230800;230800;230800;230800;230800;230800;230800;230800;230800;230800;230800;230800;230800;230800;230800;230800;230800;230800;230800;230800;230800;230800;230800;230800;230800;0;0
Lebanon;LBN;Land area (sq. km);AG.LND.TOTL.K2;0;10230;10230;10230;10230;10230;10230;10230;10230;10230;10230;10230;10230;10230;10230;10230;10230;10230;10230;10230;10230;10230;10230;10230;10230;10230;10230;10230;10230;10230;10230;10230;10230;10230;10230;10230;10230;10230;10230;10230;10230;10230;10230;10230;10230;10230;10230;10230;10230;10230;10230;10230;10230;10230;10230;10230;10230;10230;10230;10230;10230;0;0
Liberia;LBR;Land area (sq. km);AG.LND.TOTL.K2;0;96320;96320;96320;96320;96320;96320;96320;96320;96320;96320;96320;96320;96320;96320;96320;96320;96320;96320;96320;96320;96320;96320;96320;96320;96320;96320;96320;96320;96320;96320;96320;96320;96320;96320;96320;96320;96320;96320;96320;96320;96320;96320;96320;96320;96320;96320;96320;96320;96320;96320;96320;96320;96320;96320;96320;96320;96320;96320;96320;96320;0;0
Libya;LBY;Land area (sq. km);AG.LND.TOTL.K2;0;1759540;1759540;1759540;1759540;1759540;1759540;1759540;1759540;1759540;1759540;1759540;1759540;1759540;1759540;1759540;1759540;1759540;1759540;1759540;1759540;1759540;1759540;1759540;1759540;1759540;1759540;1759540;1759540;1759540;1759540;1759540;1759540;1759540;1759540;1759540;1759540;1759540;1759540;1759540;1759540;1759540;1759540;1759540;1759540;1759540;1759540;1759540;1759540;1759540;1759540;1759540;1759540;1759540;1759540;1759540;1759540;1759540;1759540;1759540;1759540;0;0
St. Lucia;LCA;Land area (sq. km);AG.LND.TOTL.K2;0;610;610;610;610;610;610;610;610;610;610;610;610;610;610;610;610;610;610;610;610;610;610;610;610;610;610;610;610;610;610;610;610;610;610;610;610;610;610;610;610;610;610;610;610;610;610;610;610;610;610;610;610;610;610;610;610;610;610;610;610;0;0
Liechtenstein;LIE;Land area (sq. km);AG.LND.TOTL.K2;0;160;160;160;160;160;160;160;160;160;160;160;160;160;160;160;160;160;160;160;160;160;160;160;160;160;160;160;160;160;160;160;160;160;160;160;160;160;160;160;160;160;160;160;160;160;160;160;160;160;160;160;160;160;160;160;160;160;160;160;160;0;0
Sri Lanka;LKA;Land area (sq. km);AG.LND.TOTL.K2;0;62710;62710;62710;62710;62710;62710;62710;62710;62710;62710;62710;62710;62710;62710;62710;62710;62710;62710;62710;62710;62710;62710;62710;62710;62710;62710;62710;62710;62710;62710;62710;62710;62710;62710;62710;62710;62710;62710;62710;62710;62710;62710;62710;62710;62710;62710;62710;62710;62710;62710;62710;62710;62710;62710;61893;61893;61893;61864;61864.47;61860;0;0
Lesotho;LSO;Land area (sq. km);AG.LND.TOTL.K2;0;30360;30360;30360;30360;30360;30360;30360;30360;30360;30360;30360;30360;30360;30360;30360;30360;30360;30360;30360;30360;30360;30360;30360;30360;30360;30360;30360;30360;30360;30360;30360;30360;30360;30360;30360;30360;30360;30360;30360;30360;30360;30360;30360;30360;30360;30360;30360;30360;30360;30360;30360;30360;30360;30360;30360;30360;30360;30360;30360;30360;0;0
Lithuania;LTU;Land area (sq. km);AG.LND.TOTL.K2;0;62680;62680;62680;62680;62680;62680;62680;62680;62680;62680;62680;62680;62680;62680;62680;62680;62680;62680;62680;62680;62680;62680;62680;62680;62680;62680;62680;62680;62680;62680;62680;62680;62680;62680;62680;62680;62680;62680;62680;62680;62680;62680;62680;62680;62680;62680;62680;62675;62675;62675;62674;62674;62675;62650;62650;62642;62641;62630;62620;62620;0;0
Luxembourg;LUX;Land area (sq. km);AG.LND.TOTL.K2;0;0;0;0;0;0;0;0;0;0;0;0;0;0;0;0;0;0;0;0;0;0;0;0;0;0;0;0;0;0;0;0;0;0;0;0;0;0;0;0;2574.46;2574.46;2574.46;2574.46;2574.46;2574.46;2574.46;2574.46;2574.46;2574.46;2574.46;2574.46;2574.46;2574.46;2574.46;2574.46;2574.46;2574.46;2574.46;2574.46;2574.46;0;0
Latvia;LVA;Land area (sq. km);AG.LND.TOTL.K2;0;62227;62227;62227;62227;62227;62227;62227;62227;62227;62227;62227;62227;62227;62227;62227;62227;62227;62227;62227;62227;62227;62227;62227;62227;62227;62227;62227;62227;62227;62227;62227;62227;62227;62227;62227;62227;62227;62227;62227;62227;62227;62227;62227;62227;62227;62227;62227;62227;62227;62227;62227;62227;62227;62227;62227;62227;62227;62227;62227;62230;0;0
Macao SAR. China;MAC;Land area (sq. km);AG.LND.TOTL.K2;0;20;20;20;20;20;20;20;20;20;20;20;20;20;20;20;20;20;20;20;20;20;20;20;20;20;20;20;20;20;20;20;20;20;20;20;20;20;20;20;20;26;27;27;28;28;28.6;29.2;29.2;29.5;29.7;29.9;29.9;30.3;30.3;30.4;30.5;30.8;32.9;32.9;32.9;0;0
Morocco;MAR;Land area (sq. km);AG.LND.TOTL.K2;0;446340;446340;446340;446340;446340;446340;446340;446340;446340;446340;446340;446340;446300;446300;446300;446300;446300;446300;446300;446300;446300;446300;446300;446300;446300;446300;446300;446300;446300;446300;446300;446300;446300;446300;446300;446300;446300;446300;446300;446300;446300;446300;446300;446300;446300;446300;446300;446300;446300;446300;446300;446300;446300;446300;446300;446300;446300;446300;446300;446300;0;0
Monaco;MCO;Land area (sq. km);AG.LND.TOTL.K2;0;2027;2027;2027;2027;2027;2027;2027;2027;2027;2027;2027;2027;2027;2027;2027;2027;2027;2027;2027;2027;2027;2027;2027;2027;2027;2027;2027;2027;2027;2027;2027;2027;2027;2027;2027;2027;2027;2027;2027;2027;2027;2027;2027;2027;2027;2027;2027;2027;2027;2027;2027;2027;2027;2027;2027;2027;2027;2027;2027;2027;0;0
Moldova;MDA;Land area (sq. km);AG.LND.TOTL.K2;0;32870;32870;32870;32870;32870;32870;32870;32870;32870;32870;32870;32870;32870;32870;32870;32870;32870;32870;32870;32870;32870;32870;32870;32870;32870;32870;32870;32870;32870;32870;32870;32870;32950;32940;32930;32930;32920;32910;32900;32880;32880;32880;32870;32880;32890;32890;32890;32890;32890;32850;32850;32860;32880;32880;32880;32880;32890;32885.3;32885.9;32884.6;0;0
Madagascar;MDG;Land area (sq. km);AG.LND.TOTL.K2;0;581540;581540;581540;581540;581540;581540;581540;581540;581540;581540;581540;581540;581540;581540;581540;581540;581540;581540;581540;581540;581540;581540;581540;581540;581540;581540;581540;581540;581540;581540;581540;581540;581540;581540;581540;581540;581540;581540;581540;581540;581540;581540;581540;581540;581540;581540;581540;581540;581540;581540;581795;581795;581800;581800;581800;581800;581800;581800;581800;581800;0;0
Maldives;MDV;Land area (sq. km);AG.LND.TOTL.K2;0;300;300;300;300;300;300;300;300;300;300;300;300;300;300;300;300;300;300;300;300;300;300;300;300;300;300;300;300;300;300;300;300;300;300;300;300;300;300;300;300;300;300;300;300;300;300;300;300;300;300;300;300;300;300;300;300;300;300;300;300;0;0
Mexico;MEX;Land area (sq. km);AG.LND.TOTL.K2;0;1943950;1943950;1943950;1943950;1943950;1943950;1943950;1943950;1943950;1943950;1943950;1943950;1943950;1943950;1943950;1943950;1943950;1943950;1943950;1943950;1943950;1943950;1943950;1943950;1943950;1943950;1943950;1943950;1943950;1943950;1943950;1943950;1943950;1943950;1943950;1943950;1943950;1943950;1943950;1943950;1943950;1943950;1943950;1943950;1943950;1943950;1943950;1943950;1943950;1943950;1943950;1943950;1943950;1943950;1943950;1943950;1943950;1943950;1943950;1943950;0;0
Marshall Islands;MHL;Land area (sq. km);AG.LND.TOTL.K2;0;180;180;180;180;180;180;180;180;180;180;180;180;180;180;180;180;180;180;180;180;180;180;180;180;180;180;180;180;180;180;180;180;180;180;180;180;180;180;180;180;180;180;180;180;180;180;180;180;180;180;180;180;180;180;180;180;180;180;180;180;0;0
North Macedonia;MKD;Land area (sq. km);AG.LND.TOTL.K2;0;25430;25430;25430;25430;25430;25430;25430;25430;25430;25430;25430;25430;25430;25430;25430;25430;25430;25430;25430;25430;25430;25430;25430;25430;25430;25430;25430;25430;25430;25430;25430;25430;25430;25430;25430;25430;25430;25430;25430;25430;25430;25430;25430;25430;25430;25430;25230;25230;25220;25220;25220;25220;25220;25220;25220;25220;25220;25220;25220;25220;0;0
Mali;MLI;Land area (sq. km);AG.LND.TOTL.K2;0;1220190;1220190;1220190;1220190;1220190;1220190;1220190;1220190;1220190;1220190;1220190;1220190;1220190;1220190;1220190;1220190;1220190;1220190;1220190;1220190;1220190;1220190;1220190;1220190;1220190;1220190;1220190;1220190;1220190;1220190;1220190;1220190;1220190;1220190;1220190;1220190;1220190;1220190;1220190;1220190;1220190;1220190;1220190;1220190;1220190;1220190;1220190;1220190;1220190;1220190;1220190;1220190;1220190;1220190;1220190;1220190;1220190;1220190;1220190;1220190;0;0
Malta;MLT;Land area (sq. km);AG.LND.TOTL.K2;0;320;320;320;320;320;320;320;320;320;320;320;320;320;320;320;320;320;320;320;320;320;320;320;320;320;320;320;320;320;320;320;320;320;320;320;320;320;320;320;320;320;320;320;320;320;320;320;320;320;320;320;320;320;320;320;320;320;320;320;320;0;0
Myanmar;MMR;Land area (sq. km);AG.LND.TOTL.K2;0;653540;653540;653540;653540;653540;653540;653540;653540;653540;653540;653540;653540;653540;653540;653540;653540;653540;653540;653540;653540;653540;653540;653540;653540;653540;653540;653540;653540;653540;653540;653540;653540;653540;653540;653540;653540;653540;653540;653540;653540;653540;653540;653540;653420;653360;653470;653520;653310;653300;653260;653290;653150;653080;653080;653080;652780;652750;652700;652700;652670;0;0
Montenegro;MNE;Land area (sq. km);AG.LND.TOTL.K2;0;13450;13450;13450;13450;13450;13450;13450;13450;13450;13450;13450;13450;13450;13450;13450;13450;13450;13450;13450;13450;13450;13450;13450;13450;13450;13450;13450;13450;13450;13450;13450;13450;13450;13450;13450;13450;13450;13450;13450;13450;13450;13450;13450;13450;13450;13450;13450;13450;13450;13450;13450;13450;13450;13450;13450;13450;13450;13450;13450;13450;0;0
Mongolia;MNG;Land area (sq. km);AG.LND.TOTL.K2;0;1564000;1564000;1564000;1564000;1564000;1564000;1564000;1564000;1564000;1564000;1564000;1564000;1564000;1564000;1564000;1564000;1564000;1564000;1564000;1564000;1564000;1564000;1564000;1564000;1564000;1564000;1564000;1564000;1564000;1564000;1564000;1564000;1564000;1564000;1564000;1564000;1564000;1564000;1564000;1564000;1564000;1564000;1564000;1564000;1564000;1564000;1564000;1564000;1564000;1564000;1564000;1564000;1564000;1564000;1564000;1564000;1564000;1564000;1564000;1564000;0;0
Northern Mariana Islands;MNP;Land area (sq. km);AG.LND.TOTL.K2;0;460;460;460;460;460;460;460;460;460;460;460;460;460;460;460;460;460;460;460;460;460;460;460;460;460;460;460;460;460;460;460;460;460;460;460;460;460;460;460;460;460;460;460;460;460;460;460;460;460;460;460;460;460;460;460;460;460;460;460;460;0;0
Mozambique;MOZ;Land area (sq. km);AG.LND.TOTL.K2;0;786380;786380;786380;786380;786380;786380;786380;786380;786380;786380;786380;786380;786380;786380;786380;786380;786380;786380;786380;786380;786380;786380;786380;786380;786380;786380;786380;786380;786380;786380;786380;786380;786380;786380;786380;786380;786380;786380;786380;786380;786380;786380;786380;786380;786380;786380;786380;786380;786380;786380;786380;786380;786380;786380;786380;786380;786380;786380;786380;786380;0;0
Mauritania;MRT;Land area (sq. km);AG.LND.TOTL.K2;0;1030700;1030700;1030700;1030700;1030700;1030700;1030700;1030700;1030700;1030700;1030700;1030700;1030700;1030700;1030700;1030700;1030700;1030700;1030700;1030700;1030700;1030700;1030700;1030700;1030700;1030700;1030700;1030700;1030700;1030700;1030700;1030700;1030700;1030700;1030700;1030700;1030700;1030700;1030700;1030700;1030700;1030700;1030700;1030700;1030700;1030700;1030700;1030700;1030700;1030700;1030700;1030700;1030700;1030700;1030700;1030700;1030700;1030700;1030700;1030700;0;0
Mauritius;MUS;Land area (sq. km);AG.LND.TOTL.K2;0;2030;2030;2030;2030;2030;2030;2030;2030;2030;2030;2030;2030;2030;2030;2030;2030;2030;2030;2030;2030;2030;2030;2030;2030;2030;2030;2030;2030;2030;2030;2030;2030;2030;2030;2030;2030;2030;2030;2030;2030;2030;2030;2030;2030;2030;2030;2030;2030;2030;2030;2030;2030;2030;2030;2030;2030;2030;2030;2030;2030;0;0
Malawi;MWI;Land area (sq. km);AG.LND.TOTL.K2;0;94280;94280;94280;94280;94280;94280;94280;94280;94280;94280;94280;94280;94280;94280;94280;94280;94280;94280;94280;94280;94280;94280;94280;94280;94280;94280;94280;94280;94280;94280;94280;94280;94280;94280;94280;94280;94280;94280;94280;94280;94280;94280;94280;94280;94280;94280;94280;94280;94280;94280;94280;94280;94280;94280;94280;94280;94280;94280;94280;94280;0;0
Malaysia;MYS;Land area (sq. km);AG.LND.TOTL.K2;0;328550;328550;328550;328550;328550;328550;328550;328550;328550;328550;328550;328550;328550;328550;328550;328550;328550;328550;328550;328550;328550;328550;328550;328550;328550;328550;328550;328550;328550;328550;328550;328550;328550;328550;328550;328550;328550;328550;328550;328550;328550;328550;328550;328550;328550;328550;328550;328550;328550;328550;328550;328550;328550;328550;328550;328550;328550;328550;328550;328550;0;0
Namibia;NAM;Land area (sq. km);AG.LND.TOTL.K2;0;823290;823290;823290;823290;823290;823290;823290;823290;823290;823290;823290;823290;823290;823290;823290;823290;823290;823290;823290;823290;823290;823290;823290;823290;823290;823290;823290;823290;823290;823290;823290;823290;823290;823290;823290;823290;823290;823290;823290;823290;823290;823290;823290;823290;823290;823290;823290;823290;823290;823290;823290;823290;823290;823290;823290;823290;823290;823290;823290;823290;0;0
New Caledonia;NCL;Land area (sq. km);AG.LND.TOTL.K2;0;18280;18280;18280;18280;18280;18280;18280;18280;18280;18280;18280;18280;18280;18280;18280;18280;18280;18280;18280;18280;18280;18280;18280;18280;18280;18280;18280;18280;18280;18280;18280;18280;18280;18280;18280;18280;18280;18280;18280;18280;18280;18280;18280;18280;18280;18280;18280;18280;18280;18280;18280;18280;18280;18280;18280;18280;18280;18280;18280;18280;0;0
Niger;NER;Land area (sq. km);AG.LND.TOTL.K2;0;1266700;1266700;1266700;1266700;1266700;1266700;1266700;1266700;1266700;1266700;1266700;1266700;1266700;1266700;1266700;1266700;1266700;1266700;1266700;1266700;1266700;1266700;1266700;1266700;1266700;1266700;1266700;1266700;1266700;1266700;1266700;1266700;1266700;1266700;1266700;1266700;1266700;1266700;1266700;1266700;1266700;1266700;1266700;1266700;1266700;1266700;1266700;1266700;1266700;1266700;1266700;1266700;1266700;1266700;1266700;1266700;1266700;1266700;1266700;1266700;0;0
Nigeria;NGA;Land area (sq. km);AG.LND.TOTL.K2;0;910770;910770;910770;910770;910770;910770;910770;910770;910770;910770;910770;910770;910770;910770;910770;910770;910770;910770;910770;910770;910770;910770;910770;910770;910770;910770;910770;910770;910770;910770;910770;910770;910770;910770;910770;910770;910770;910770;910770;910770;910770;910770;910770;910770;910770;910770;910770;910770;910770;910770;910770;910770;910770;910770;910770;910770;910770;910770;910770;910770;0;0
Nicaragua;NIC;Land area (sq. km);AG.LND.TOTL.K2;0;120340;120340;120340;120340;120340;120340;120340;120340;120340;120340;120340;120340;120340;120340;120340;120340;120340;120340;120340;120340;120340;120340;120340;120340;120340;120340;120340;120340;120340;120340;120340;120340;120340;120340;120340;120340;120340;120340;120340;120340;120340;120340;120340;120340;120340;120340;120340;120340;120340;120340;120340;120340;120340;120340;120340;120340;120340;120340;120340;120340;0;0
Netherlands;NLD;Land area (sq. km);AG.LND.TOTL.K2;0;33760;33760;33760;33760;33760;33760;33760;33760;33760;33760;33760;33760;33760;33760;33760;33760;33760;33760;33760;33760;33760;33760;33760;33760;33760;33760;33760;33760;33760;33760;33760;33760;33760;33760;33760;33760;33760;33760;33760;33760;33760;33760;33760;33760;33760;33760;33760;33760;33730;33730;33720;33720;33690;33690;33670;33670;33670;33670;33670;33670;0;0
Norway;NOR;Land area (sq. km);AG.LND.TOTL.K2;0;365244;365244;365244;365244;365244;365244;365244;365244;365244;365244;365244;365244;365244;365244;365244;365244;365244;365244;365244;365244;365244;365244;365244;365244;365244;365244;365244;365244;365244;365244;365244;365244;365244;365244;365244;365244;365244;365244;365244;365244;365244;365244;365244;365244;365244;365244;365244;365244;365244;365244;365244;365244;365122.96;365108;365190.7;365145.73;365123;365108;365094;364285;0;0
Nepal;NPL;Land area (sq. km);AG.LND.TOTL.K2;0;143000;143000;143000;143000;143000;143000;143000;143000;143000;143000;143000;143000;143000;143000;143000;143000;143000;143000;143000;143000;143000;143000;143000;143000;143000;143000;143000;143000;143000;143000;143000;143000;143000;143000;143000;143000;143000;143000;143000;143350;143350;143350;143350;143350;143350;143350;143350;143350;143350;143350;143350;143350;143350;143350;143350;143350;143350;143350;143350;143350;0;0
Nauru;NRU;Land area (sq. km);AG.LND.TOTL.K2;0;20;20;20;20;20;20;20;20;20;20;20;20;20;20;20;20;20;20;20;20;20;20;20;20;20;20;20;20;20;20;20;20;20;20;20;20;20;20;20;20;20;20;20;20;20;20;20;20;20;20;20;20;20;20;20;20;20;20;20;20;0;0
New Zealand;NZL;Land area (sq. km);AG.LND.TOTL.K2;0;263310;263310;263310;263310;263310;263310;263310;263310;263310;263310;263310;263310;263310;263310;263310;263310;263310;263310;263310;263310;263310;263310;263310;263310;263310;263310;263310;263310;263310;263310;263310;263310;263310;263310;263310;263310;263310;263310;263310;263310;263310;263310;263310;263310;263310;263310;263310;263310;263310;263310;263310;263310;263310;263310;263310;263310;263310;263310;263310;263310;0;0
Oman;OMN;Land area (sq. km);AG.LND.TOTL.K2;0;309500;309500;309500;309500;309500;309500;309500;309500;309500;309500;309500;309500;309500;309500;309500;309500;309500;309500;309500;309500;309500;309500;309500;309500;309500;309500;309500;309500;309500;309500;309500;309500;309500;309500;309500;309500;309500;309500;309500;309500;309500;309500;309500;309500;309500;309500;309500;309500;309500;309500;309500;309500;309500;309500;309500;309500;309500;309500;309500;309500;0;0
Pakistan;PAK;Land area (sq. km);AG.LND.TOTL.K2;0;770880;770880;770880;770880;770880;770880;770880;770880;770880;770880;770880;770880;770880;770880;770880;770880;770880;770880;770880;770880;770880;770880;770880;770880;770880;770880;770880;770880;770880;770880;770880;770880;770880;770880;770880;770880;770880;770880;770880;770880;770880;770880;770880;770880;770880;770880;770880;770880;770880;770880;770880;770880;770880;770880;770880;770880;770880;770880;770880;770880;0;0
Panama;PAN;Land area (sq. km);AG.LND.TOTL.K2;0;74340;74340;74340;74340;74340;74340;74340;74340;74340;74340;74340;74340;74340;74340;74340;74340;74340;74340;74340;74340;74340;74340;74340;74340;74340;74340;74340;74340;74340;74340;74340;74340;74340;74340;74340;74340;74340;74340;74340;74340;74340;74340;74340;74340;74340;74340;74340;74340;74340;74340;74340;74340;74340;74120;74120;74120;74120;74180;74180;74180;0;0
Peru;PER;Land area (sq. km);AG.LND.TOTL.K2;0;1280000;1280000;1280000;1280000;1280000;1280000;1280000;1280000;1280000;1280000;1280000;1280000;1280000;1280000;1280000;1280000;1280000;1280000;1280000;1280000;1280000;1280000;1280000;1280000;1280000;1280000;1280000;1280000;1280000;1280000;1280000;1280000;1280000;1280000;1280000;1280000;1280000;1280000;1280000;1280000;1280000;1280000;1280000;1280000;1280000;1280000;1280000;1280000;1280000;1280000;1280000;1280000;1280000;1280000;1280000;1280000;1280000;1280000;1280000;1280000;0;0
Philippines;PHL;Land area (sq. km);AG.LND.TOTL.K2;0;298260;298260;298260;298260;298260;298260;298260;298260;298260;298260;298260;298260;298230;298190;298170;298170;298170;298170;298170;298170;298170;298170;298170;298170;298170;298170;298170;298170;298170;298170;298170;298170;298170;298170;298170;298170;298170;298170;298170;298170;298170;298170;298170;298170;298170;298170;298170;298170;298170;298170;298170;298170;298170;298170;298170;298170;298170;298170;298170;298170;0;0
Palau;PLW;Land area (sq. km);AG.LND.TOTL.K2;0;460;460;460;460;460;460;460;460;460;460;460;460;460;460;460;460;460;460;460;460;460;460;460;460;460;460;460;460;460;460;460;460;460;460;460;460;460;460;460;460;460;460;460;460;460;460;460;460;460;460;460;460;460;460;460;460;460;460;460;460;0;0
Papua New Guinea;PNG;Land area (sq. km);AG.LND.TOTL.K2;0;452860;452860;452860;452860;452860;452860;452860;452860;452860;452860;452860;452860;452860;452860;452860;452860;452860;452860;452860;452860;452860;452860;452860;452860;452860;452860;452860;452860;452860;452860;452860;452860;452860;452860;452860;452860;452860;452860;452860;452860;452860;452860;452860;452860;452860;452860;452860;452860;452860;452860;452860;452860;452860;452860;452860;452860;452860;452860;452860;452860;0;0
Poland;POL;Land area (sq. km);AG.LND.TOTL.K2;0;306290;306290;306290;306290;306290;306290;306290;306290;306290;306290;306290;306290;306290;306290;306290;306290;306290;306290;306290;306290;306290;306290;306290;306290;306290;306290;306290;306290;306290;306290;306290;306290;306290;306290;306290;306290;306290;306290;306290;306290;306290;306290;306240;306330;306330;306320;306320;306300;306280;306280;306230;306220;306210;306190;306190;306190;306190;306170;306110;306130;0;0
Puerto Rico;PRI;Land area (sq. km);AG.LND.TOTL.K2;0;8870;8870;8870;8870;8870;8870;8870;8870;8870;8870;8870;8870;8870;8870;8870;8870;8870;8870;8870;8870;8870;8870;8870;8870;8870;8870;8870;8870;8870;8870;8870;8870;8870;8870;8870;8870;8870;8870;8870;8870;8870;8870;8870;8870;8870;8870;8870;8870;8870;8870;8870;8870;8870;8870;8870;8870;8870;8870;8870;8870;0;0
Portugal;PRT;Land area (sq. km);AG.LND.TOTL.K2;0;91500;91500;91500;91500;91500;91500;91500;91500;91500;91500;91500;91500;91500;91500;91500;91500;91500;91500;91500;91500;91500;91500;91500;91500;91500;91500;91500;91500;91500;91500;91500;91500;91500;91500;91500;91500;91500;91500;91500;91500;91500;91500;91500;91500;91470;91470;91470;91470;91590;91590;91590;91590;91605.2;91605.6;91605.6;91605.6;91605.6;91605.6;91605.6;91605.6;0;0
Paraguay;PRY;Land area (sq. km);AG.LND.TOTL.K2;0;397300;397300;397300;397300;397300;397300;397300;397300;397300;397300;397300;397300;397300;397300;397300;397300;397300;397300;397300;397300;397300;397300;397300;397300;397300;397300;397300;397300;397300;397300;397300;397300;397300;397300;397300;397300;397300;397300;397300;397300;397300;397300;397300;397300;397300;397300;397300;397300;397300;397300;397300;397300;397300;397300;397300;397300;397300;397300;397300;397300;0;0
Qatar;QAT;Land area (sq. km);AG.LND.TOTL.K2;0;11610;11610;11610;11610;11610;11610;11610;11610;11610;11610;11610;11610;11610;11610;11610;11610;11610;11610;11610;11610;11610;11610;11610;11610;11610;11610;11610;11610;11610;11610;11610;11610;11610;11610;11610;11610;11610;11610;11610;11610;11610;11610;11610;11610;11610;11610;11610;11610;11610;11610;11610;11610;11610;11490;11490;11490;11490;11490;11490;11490;0;0
Romania;ROU;Land area (sq. km);AG.LND.TOTL.K2;0;230340;230340;230340;230340;230340;230340;230340;230340;230340;230340;230340;230340;230340;230340;230340;230340;230340;230340;230340;230340;230340;230340;230340;230340;230340;230340;230340;230340;229350;229350;229460;229460;229460;229510;229490;229520;229530;229590;229600;229710;229710;229870;229950;230000;229980;229980;229890;229900;230060;230050;230170;230020;230030;230080;230080;230080;230080;230080;230080;230080;0;0
Russian Federation;RUS;Land area (sq. km);AG.LND.TOTL.K2;0;16389950;16389950;16389950;16389950;16389950;16389950;16389950;16389950;16389950;16389950;16389950;16389950;16389950;16389950;16389950;16389950;16389950;16389950;16389950;16389950;16389950;16389950;16389950;16389950;16389950;16389950;16389950;16389950;16389950;16389950;16389950;16389950;16386180;16381330;16378380;16377960;16378650;16381300;16388510;16381340;16380440;16380940;16380980;16381230;16381390;16377740;16377740;16376870;16376870;16376870;16376870;16376870;16376870;16376870;16376870;16376870;16376870;16376870;16376870;16376870;0;0
Rwanda;RWA;Land area (sq. km);AG.LND.TOTL.K2;0;24670;24670;24670;24670;24670;24670;24670;24670;24670;24670;24670;24670;24670;24670;24670;24670;24670;24670;24670;24670;24670;24670;24670;24670;24670;24670;24670;24670;24670;24670;24670;24670;24670;24670;24670;24670;24670;24670;24670;24670;24670;24670;24670;24670;24670;24670;24670;24670;24670;24670;24670;24670;24670;24670;24670;24670;24670;24670;24670;24670;0;0
Saudi Arabia;SAU;Land area (sq. km);AG.LND.TOTL.K2;0;2149690;2149690;2149690;2149690;2149690;2149690;2149690;2149690;2149690;2149690;2149690;2149690;2149690;2149690;2149690;2149690;2149690;2149690;2149690;2149690;2149690;2149690;2149690;2149690;2149690;2149690;2149690;2149690;2149690;2149690;2149690;2149690;2149690;2149690;2149690;2149690;2149690;2149690;2149690;2149690;2149690;2149690;2149690;2149690;2149690;2149690;2149690;2149690;2149690;2149690;2149690;2149690;2149690;2149690;2149690;2149690;2149690;2149690;2149690;2149690;0;0
Sudan;SDN;Land area (sq. km);AG.LND.TOTL.K2;0;2376000;2376000;2376000;2376000;2376000;2376000;2376000;2376000;2376000;2376000;2376000;2376000;2376000;2376000;2376000;2376000;2376000;2376000;2376000;2376000;2376000;2376000;2376000;2376000;2376000;2376000;2376000;2376000;2376000;2376000;2376000;2376000;2376000;2376000;2376000;2376000;2376000;2376000;2376000;2376000;2376000;2376000;2376000;2376000;2376000;2376000;2376000;2376000;2376000;2376000;2376000;1868000;1868000;1868000;1868000;1868000;1868000;1868000;1868000;1868000;0;0
Senegal;SEN;Land area (sq. km);AG.LND.TOTL.K2;0;192530;192530;192530;192530;192530;192530;192530;192530;192530;192530;192530;192530;192530;192530;192530;192530;192530;192530;192530;192530;192530;192530;192530;192530;192530;192530;192530;192530;192530;192530;192530;192530;192530;192530;192530;192530;192530;192530;192530;192530;192530;192530;192530;192530;192530;192530;192530;192530;192530;192530;192530;192530;192530;192530;192530;192530;192530;192530;192530;192530;0;0
Singapore;SGP;Land area (sq. km);AG.LND.TOTL.K2;0;670;670;670;670;670;670;670;670;670;670;670;670;670;670;670;670;670;670;670;670;670;670;670;670;670;670;670;670;670;670;670;670;670;670;670;670;670;670;670;670;670;675;687;689;689;694;695;700;700;702;704;706;707;709;709;709;712;714;716;718;0;0
Solomon Islands;SLB;Land area (sq. km);AG.LND.TOTL.K2;0;27990;27990;27990;27990;27990;27990;27990;27990;27990;27990;27990;27990;27990;27990;27990;27990;27990;27990;27990;27990;27990;27990;27990;27990;27990;27990;27990;27990;27990;27990;27990;27990;27990;27990;27990;27990;27990;27990;27990;27990;27990;27990;27990;27990;27990;27990;27990;27990;27990;27990;27990;27990;27990;27990;27990;27990;27990;27990;27990;27990;0;0
Sierra Leone;SLE;Land area (sq. km);AG.LND.TOTL.K2;0;72180;72180;72180;72180;72180;72180;72180;72180;72180;72180;72180;72180;72180;72180;72180;72180;72180;72180;72180;72180;72180;72180;72180;72180;72180;72180;72180;72180;72180;72180;72180;72180;72180;72180;72180;72180;72180;72180;72180;72180;72180;72180;72180;72180;72180;72180;72180;72180;72180;72180;72180;72180;72180;72180;72180;72180;72180;72180;72180;72180;0;0
El Salvador;SLV;Land area (sq. km);AG.LND.TOTL.K2;0;20850;20850;20850;20850;20850;20850;20850;20850;20850;20850;20850;20850;20850;20850;20850;20720;20720;20720;20720;20720;20720;20720;20720;20720;20720;20720;20720;20720;20720;20720;20720;20720;20720;20720;20720;20720;20720;20720;20720;20720;20720;20720;20720;20720;20720;20720;20720;20720;20720;20720;20720;20720;20720;20720;20720;20720;20720;20720;20720;20720;0;0
San Marino;SMR;Land area (sq. km);AG.LND.TOTL.K2;0;60;60;60;60;60;60;60;60;60;60;60;60;60;60;60;60;60;60;60;60;60;60;60;60;60;60;60;60;60;60;60;60;60;60;60;60;60;60;60;60;60;60;60;60;60;60;60;60;60;60;60;60;60;60;60;60;60;60;60;60;0;0
Somalia;SOM;Land area (sq. km);AG.LND.TOTL.K2;0;627340;627340;627340;627340;627340;627340;627340;627340;627340;627340;627340;627340;627340;627340;627340;627340;627340;627340;627340;627340;627340;627340;627340;627340;627340;627340;627340;627340;627340;627340;627340;627340;627340;627340;627340;627340;627340;627340;627340;627340;627340;627340;627340;627340;627340;627340;627340;627340;627340;627340;627340;627340;627340;627340;627340;627340;627340;627340;627340;627340;0;0
Serbia;SRB;Land area (sq. km);AG.LND.TOTL.K2;0;87460;87460;87460;87460;87460;87460;87460;87460;87460;87460;87460;87460;87460;87460;87460;87460;87460;87460;87460;87460;87460;87460;87460;87460;87460;87460;87460;87460;87460;87460;87460;87460;87460;87460;87460;87460;87460;87460;87460;87460;87460;87460;87460;87460;87460;87460;87460;87460;87460;87460;87460;87460;87460;87460;87460;87460;87460;87460;87460;87460;0;0
South Sudan;SSD;Land area (sq. km);AG.LND.TOTL.K2;0;0;0;0;0;0;0;0;0;0;0;0;0;0;0;0;0;0;0;0;0;0;0;0;0;0;0;0;0;0;0;0;0;0;0;0;0;0;0;0;0;0;0;0;0;0;0;0;0;0;0;0;631930;631930;631930;631930;631930;631930;631930;631930;631930;0;0
Sao Tome and Principe;STP;Land area (sq. km);AG.LND.TOTL.K2;0;960;960;960;960;960;960;960;960;960;960;960;960;960;960;960;960;960;960;960;960;960;960;960;960;960;960;960;960;960;960;960;960;960;960;960;960;960;960;960;960;960;960;960;960;960;960;960;960;960;960;960;960;960;960;960;960;960;960;960;960;0;0
Suriname;SUR;Land area (sq. km);AG.LND.TOTL.K2;0;156000;156000;156000;156000;156000;156000;156000;156000;156000;156000;156000;156000;156000;156000;156000;156000;156000;156000;156000;156000;156000;156000;156000;156000;156000;156000;156000;156000;156000;156000;156000;156000;156000;156000;156000;156000;156000;156000;156000;156000;156000;156000;156000;156000;156000;156000;156000;156000;156000;156000;156000;156000;156000;156000;156000;156000;156000;156000;156000;156000;0;0
Slovak Republic;SVK;Land area (sq. km);AG.LND.TOTL.K2;0;48100;48100;48100;48100;48100;48100;48100;48100;48100;48100;48100;48100;48100;48100;48100;48100;48100;48100;48100;48100;48100;48100;48100;48100;48100;48100;48100;48100;48100;48100;48100;48100;48100;48100;48100;48100;48100;48100;48100;48100;48100;48100;48110;48100;48100;48100;48100;48100;48090;48091;48088;48088;48088;48080;48082;48080;48080;48080;48080;48080;0;0
Slovenia;SVN;Land area (sq. km);AG.LND.TOTL.K2;0;20140;20140;20140;20140;20140;20140;20140;20140;20140;20140;20140;20140;20140;20140;20140;20140;20140;20140;20140;20140;20140;20140;20140;20140;20140;20140;20140;20140;20140;20140;20140;20140;20140;20140;20140;20140;20140;20140;20140;20140;20140;20140;20140;20140;20140;20140;20140;20146.2;20145.8;20146.2;20146;20145.7;20140;20140;20142.6;20142;20138.1;20136.4;20136.4;20136.4;0;0
Sweden;SWE;Land area (sq. km);AG.LND.TOTL.K2;0;407339.7;407339.7;407339.7;407339.7;407339.7;407339.7;407339.7;407339.7;407339.7;407339.7;407339.7;407339.7;407339.7;407339.7;407339.7;407339.7;407339.7;407339.7;407339.7;407339.7;407339.7;407339.7;407339.7;407339.7;407339.7;407339.7;407339.7;407339.7;407339.7;407339.7;407339.7;407339.7;407339.7;407339.7;407339.7;407339.7;407339.7;407339.7;407339.7;407339.7;407339.7;407339.7;407339.7;407339.7;407339.7;407339.7;407339.7;407339.7;407339.7;407339.7;407339.7;407339.7;407339.7;407339.7;407310.64;407310.64;407310.64;407310.64;407283.59;407283532;0;0
Eswatini;SWZ;Land area (sq. km);AG.LND.TOTL.K2;0;17200;17200;17200;17200;17200;17200;17200;17200;17200;17200;17200;17200;17200;17200;17200;17200;17200;17200;17200;17200;17200;17200;17200;17200;17200;17200;17200;17200;17200;17200;17200;17200;17200;17200;17200;17200;17200;17200;17200;17200;17200;17200;17200;17200;17200;17200;17200;17200;17200;17200;17200;17200;17200;17200;17200;17200;17200;17200;17200;17200;0;0
Seychelles;SYC;Land area (sq. km);AG.LND.TOTL.K2;0;460;460;460;460;460;460;460;460;460;460;460;460;460;460;460;460;460;460;460;460;460;460;460;460;460;460;460;460;460;460;460;460;460;460;460;460;460;460;460;460;460;460;460;460;460;460;460;460;460;460;460;460;460;460;460;460;460;460;460;460;0;0
Syrian Arab Republic;SYR;Land area (sq. km);AG.LND.TOTL.K2;0;183780;183780;183780;183780;183780;183780;183780;183780;183780;183780;183780;183780;183780;183780;183780;183780;183780;183780;183780;183780;183780;183780;183780;183780;183780;183780;183780;183780;183780;183780;183780;183780;183780;183780;183780;183780;183780;183780;183780;183780;183780;183780;183590;183570;183570;183630;183640;183640;183640;183630;183630;183630;183630;183630;183630;183630;183630;183630;183630;183630;0;0
Turks and Caicos Islands;TCA;Land area (sq. km);AG.LND.TOTL.K2;0;950;950;950;950;950;950;950;950;950;950;950;950;950;950;950;950;950;950;950;950;950;950;950;950;950;950;950;950;950;950;950;950;950;950;950;950;950;950;950;950;950;950;950;950;950;950;950;950;950;950;950;950;950;950;950;950;950;950;950;950;0;0
Chad;TCD;Land area (sq. km);AG.LND.TOTL.K2;0;1260000;1260000;1260000;1260000;1260000;1260000;1260000;1260000;1260000;1260000;1260000;1260000;1260000;1259600;1259200;1259200;1259200;1259200;1259200;1259200;1259200;1259200;1259200;1259200;1259200;1259200;1259200;1259200;1259200;1259200;1259200;1259200;1259200;1259200;1259200;1259200;1259200;1259200;1259200;1259200;1259200;1259200;1259200;1259200;1259200;1259200;1259200;1259200;1259200;1259200;1259200;1259200;1259200;1259200;1259200;1259200;1259200;1259200;1259200;1259200;0;0
Togo;TGO;Land area (sq. km);AG.LND.TOTL.K2;0;54390;54390;54390;54390;54390;54390;54390;54390;54390;54390;54390;54390;54390;54390;54390;54390;54390;54390;54390;54390;54390;54390;54390;54390;54390;54390;54390;54390;54390;54390;54390;54390;54390;54390;54390;54390;54390;54390;54390;54390;54390;54390;54390;54390;54390;54390;54390;54390;54390;54390;54390;54390;54390;54390;54390;54390;54390;54390;54390;54390;0;0
Thailand;THA;Land area (sq. km);AG.LND.TOTL.K2;0;510890;510890;510890;510890;510890;510890;510890;510890;510890;510890;510890;510890;510890;510890;510890;510890;510890;510890;510890;510890;510890;510890;510890;510890;510890;510890;510890;510890;510890;510890;510890;510890;510890;510890;510890;510890;510890;510890;510890;510890;510890;510890;510890;510890;510890;510890;510890;510890;510890;510890;510890;510890;510890;510890;510890;510890;510890;510890;510890;510890;0;0
Tajikistan;TJK;Land area (sq. km);AG.LND.TOTL.K2;0;139960;139960;139960;139960;139960;139960;139960;139960;139960;139960;139960;139960;139960;139960;139960;139960;139960;139960;139960;139960;139960;139960;139960;139960;139960;139960;139960;139960;139960;139960;139960;139960;139960;139960;139960;139960;139960;139960;139960;139960;139960;139960;139960;139960;139960;139960;139960;139960;139960;139960;139960;139960;139960;138786;138790;138790;138790;138790;138790;138790;0;0
Turkmenistan;TKM;Land area (sq. km);AG.LND.TOTL.K2;0;469930;469930;469930;469930;469930;469930;469930;469930;469930;469930;469930;469930;469930;469930;469930;469930;469930;469930;469930;469930;469930;469930;469930;469930;469930;469930;469930;469930;469930;469930;469930;469930;469930;469930;469930;469930;469930;469930;469930;469930;469930;469930;469930;469930;469930;469930;469930;469930;469930;469930;469930;469930;469930;469930;469930;469930;469930;469930;469930;469930;0;0
Timor-Leste;TLS;Land area (sq. km);AG.LND.TOTL.K2;0;14870;14870;14870;14870;14870;14870;14870;14870;14870;14870;14870;14870;14870;14870;14870;14870;14870;14870;14870;14870;14870;14870;14870;14870;14870;14870;14870;14870;14870;14870;14870;14870;14870;14870;14870;14870;14870;14870;14870;14870;14870;14870;14870;14870;14870;14870;14870;14870;14870;14870;14870;14870;14870;14870;14870;14870;14870;14870;14870;14870;0;0
Tonga;TON;Land area (sq. km);AG.LND.TOTL.K2;0;720;720;720;720;720;720;720;720;720;720;720;720;720;720;720;720;720;720;720;720;720;720;720;720;720;720;720;720;720;720;720;720;720;720;720;720;720;720;720;720;720;720;720;720;720;720;720;720;720;720;720;720;720;720;720;720;720;720;720;720;0;0
Trinidad and Tobago;TTO;Land area (sq. km);AG.LND.TOTL.K2;0;5130;5130;5130;5130;5130;5130;5130;5130;5130;5130;5130;5130;5130;5130;5130;5130;5130;5130;5130;5130;5130;5130;5130;5130;5130;5130;5130;5130;5130;5130;5130;5130;5130;5130;5130;5130;5130;5130;5130;5130;5130;5130;5130;5130;5130;5130;5130;5130;5130;5130;5130;5130;5130;5130;5130;5130;5130;5130;5130;5130;0;0
Tunisia;TUN;Land area (sq. km);AG.LND.TOTL.K2;0;155360;155360;155360;155360;155360;155360;155360;155360;155360;155360;155360;155360;155360;155360;155360;155360;155360;155360;155360;155360;155360;155360;155360;155360;155360;155360;155360;155360;155360;155360;155360;155360;155360;155360;155360;155360;155360;155360;155360;155360;155360;155360;155360;155360;155360;155360;155360;155360;155360;155360;155360;155360;155360;155360;155360;155360;155360;155360;155360;155360;0;0
Turkiye;TUR;Land area (sq. km);AG.LND.TOTL.K2;0;769630;769630;769630;769630;769630;769630;769630;769630;769630;769630;769630;769630;769630;769630;769630;769630;769630;769630;769630;769630;769630;769630;769630;769630;769630;769630;769630;769630;769630;769630;769630;769630;769630;769630;769630;769630;769630;769630;769630;769630;769630;769630;769630;769630;769630;769630;769630;769630;769630;769630;769630;769630;769630;769630;769630;769630;769630;769630;769630;769630;0;0
Tuvalu;TUV;Land area (sq. km);AG.LND.TOTL.K2;0;30;30;30;30;30;30;30;30;30;30;30;30;30;30;30;30;30;30;30;30;30;30;30;30;30;30;30;30;30;30;30;30;30;30;30;30;30;30;30;30;30;30;30;30;30;30;30;30;30;30;30;30;30;30;30;30;30;30;30;30;0;0
Tanzania;TZA;Land area (sq. km);AG.LND.TOTL.K2;0;885800;885800;885800;885800;885800;885800;885800;885800;885800;885800;885800;885800;885800;885800;885800;885800;885800;885800;885800;885800;885800;885800;885800;885800;885800;885800;885800;885800;885800;885800;885800;885800;885800;885800;885800;885800;885800;885800;885800;885800;885800;885800;885800;885800;885800;885800;885800;885800;885800;885800;885800;885800;885800;885800;885800;885800;885800;885800;885800;885800;0;0
Uganda;UGA;Land area (sq. km);AG.LND.TOTL.K2;0;199810;199810;199810;199810;199810;199810;199810;199810;199810;199810;199810;199810;199810;199810;199810;199810;199810;199810;199810;199810;199810;199810;199810;199810;199810;199810;199810;199810;199810;199810;199810;199810;199810;199810;199810;199810;199810;199810;199810;199810;199810;199810;199810;199810;199810;199810;199810;199810;199810;200520;200520;200520;200520;200520;200520;200520;200520;200520;200520;200520;0;0
Ukraine;UKR;Land area (sq. km);AG.LND.TOTL.K2;0;579350;579350;579350;579350;579350;579350;579350;579350;579350;579350;579350;579350;579350;579350;579350;579350;579350;579350;579350;579350;579350;579350;579350;579350;579350;579350;579350;579350;579350;579350;579350;579350;579350;579350;579350;579350;579350;579350;579350;579350;579350;579340;579340;579340;579380;579360;579330;579320;579320;579320;579320;579320;579320;579290;579290;579290;579300;579400;579400;579400;0;0
Uruguay;URY;Land area (sq. km);AG.LND.TOTL.K2;0;175020;175020;175020;175020;175020;175020;175020;175020;175020;175020;175020;175020;175020;175020;175020;175020;175020;175020;175020;175020;175020;175020;175020;175020;175020;175020;175020;175020;175020;175020;175020;175020;175020;175020;175020;175020;175020;175020;175020;175020;175020;175020;175020;175020;175020;175020;175020;175020;175020;175020;175020;175020;175020;175020;175020;175020;175020;175020;175020;175020;0;0
United States;USA;Land area (sq. km);AG.LND.TOTL.K2;0;9158960;9158960;9158960;9158960;9158960;9158960;9158960;9158960;9158960;9158960;9158960;9158960;9158960;9158960;9158960;9158960;9158960;9158960;9158960;9158960;9158960;9158960;9158960;9158960;9158960;9158960;9158960;9158960;9158960;9158960;9158960;9158960;9158960;9158960;9158960;9158960;9158960;9158960;9158960;9161920;9161920;9161920;9161920;9161920;9161920;9161920;9161920;9147420;9147420;9147420;9147420;9147420;9147420;9147420;9147420;9147420;9147420;9147420;9147420;9147420;0;0
Uzbekistan;UZB;Land area (sq. km);AG.LND.TOTL.K2;0;425400;425400;425400;425400;425400;425400;425400;425400;425400;425400;425400;425400;425400;425400;425400;425400;425400;425400;425400;425400;425400;425400;425400;425400;425400;425400;425400;425400;425400;425400;425400;425400;425400;425400;425400;425400;425400;425400;425400;435965;435911;435911;435877;435853;435849;435850;435984;435967;435945;435892;435809;435800;435789;435789;440600;440591;440588;440587;440555;440650;0;0
St. Vincent and the Grenadines;VCT;Land area (sq. km);AG.LND.TOTL.K2;0;390;390;390;390;390;390;390;390;390;390;390;390;390;390;390;390;390;390;390;390;390;390;390;390;390;390;390;390;390;390;390;390;390;390;390;390;390;390;390;390;390;390;390;390;390;390;390;390;390;390;390;390;390;390;390;390;390;390;390;390;0;0
Venezuela. RB;VEN;Land area (sq. km);AG.LND.TOTL.K2;0;882050;882050;882050;882050;882050;882050;882050;882050;882050;882050;882050;882050;882050;882050;882050;882050;882050;882050;882050;882050;882050;882050;882050;882050;882050;882050;882050;882050;882050;882050;882050;882050;882050;882050;882050;882050;882050;882050;882050;882050;882050;882050;882050;882050;882050;882050;882050;882050;882050;882050;882050;882050;882050;882050;882050;882050;882050;882050;882050;882050;0;0
British Virgin Islands;VGB;Land area (sq. km);AG.LND.TOTL.K2;0;150;150;150;150;150;150;150;150;150;150;150;150;150;150;150;150;150;150;150;150;150;150;150;150;150;150;150;150;150;150;150;150;150;150;150;150;150;150;150;150;150;150;150;150;150;150;150;150;150;150;150;150;150;150;150;150;150;150;150;150;0;0
Virgin Islands (U.S.);VIR;Land area (sq. km);AG.LND.TOTL.K2;0;350;350;350;350;350;350;350;350;350;350;350;350;350;350;350;350;350;350;350;350;350;350;350;350;350;350;350;350;350;350;350;350;350;350;350;350;350;350;350;350;350;350;350;350;350;350;350;350;350;350;350;350;350;350;350;350;350;350;350;350;0;0
Vietnam;VNM;Land area (sq. km);AG.LND.TOTL.K2;0;325490;325490;325490;325490;325490;325490;325490;325490;325490;325490;325490;325490;325490;325490;325490;325490;325490;325490;325490;325490;325490;325490;325490;325490;325490;325490;325490;325490;325490;325490;325490;325490;325490;325490;325490;325490;325490;325490;325490;311060;311090;310550;310070;310070;312837;312795;312558;312792;312762;313294;313284;313457;313007.33;313371;313383;313387;313403;313429;313429;313429;0;0
Vanuatu;VUT;Land area (sq. km);AG.LND.TOTL.K2;0;12190;12190;12190;12190;12190;12190;12190;12190;12190;12190;12190;12190;12190;12190;12190;12190;12190;12190;12190;12190;12190;12190;12190;12190;12190;12190;12190;12190;12190;12190;12190;12190;12190;12190;12190;12190;12190;12190;12190;12190;12190;12190;12190;12190;12190;12190;12190;12190;12190;12190;12190;12190;12190;12190;12190;12190;12190;12190;12190;12190;0;0
Samoa;WSM;Land area (sq. km);AG.LND.TOTL.K2;0;2830;2830;2830;2830;2830;2830;2830;2830;2830;2830;2830;2830;2830;2830;2830;2830;2830;2830;2830;2830;2830;2830;2830;2830;2830;2830;2830;2830;2830;2830;2830;2830;2830;2830;2830;2830;2830;2830;2830;2830;2830;2830;2830;2830;2830;2830;2830;2830;2830;2830;2830;2830;2830;2830;2830;2830;2780;2780;2780;2780;0;0
Kosovo;XKX;Land area (sq. km);AG.LND.TOTL.K2;0;0;0;0;0;0;0;0;0;0;0;0;0;0;0;0;0;0;0;0;0;0;0;0;0;0;0;0;0;0;0;0;0;0;0;0;0;0;0;0;0;0;0;0;0;0;0;0;0;0;0;0;0;0;0;0;0;0;0;0;0;0;0
Yemen. Rep.;YEM;Land area (sq. km);AG.LND.TOTL.K2;0;527970;527970;527970;527970;527970;527970;527970;527970;527970;527970;527970;527970;527970;527970;527970;527970;527970;527970;527970;527970;527970;527970;527970;527970;527970;527970;527970;527970;527970;527970;527970;527970;527970;527970;527970;527970;527970;527970;527970;527970;527970;527970;527970;527970;527970;527970;527970;527970;527970;527970;527970;527970;527970;527970;527970;527970;527970;527970;527970;527970;0;0
South Africa;ZAF;Land area (sq. km);AG.LND.TOTL.K2;0;1213090;1213090;1213090;1213090;1213090;1213090;1213090;1213090;1213090;1213090;1213090;1213090;1213090;1213090;1213090;1213090;1213090;1213090;1213090;1213090;1213090;1213090;1213090;1213090;1213090;1213090;1213090;1213090;1213090;1213090;1213090;1213090;1213090;1213090;1213090;1213090;1213090;1213090;1213090;1213090;1213090;1213090;1213090;1213090;1213090;1213090;1213090;1213090;1213090;1213090;1213090;1213090;1213090;1213090;1213090;1213090;1213090;1213090;1213090;1213090;0;0
Zambia;ZMB;Land area (sq. km);AG.LND.TOTL.K2;0;743390;743390;743390;743390;743390;743390;743390;743390;743390;743390;743390;743390;743390;743390;743390;743390;743390;743390;743390;743390;743390;743390;743390;743390;743390;743390;743390;743390;743390;743390;743390;743390;743390;743390;743390;743390;743390;743390;743390;743390;743390;743390;743390;743390;743390;743390;743390;743390;743390;743390;743390;743390;743390;743390;743390;743390;743390;743390;743390;743390;0;0
Zimbabwe;ZWE;Land area (sq. km);AG.LND.TOTL.K2;0;386850;386850;386850;386850;386850;386850;386850;386850;386850;386850;386850;386850;386850;386850;386850;386850;386850;386850;386850;386850;386850;386850;386850;386850;386850;386850;386850;386850;386850;386850;386850;386850;386850;386850;386850;386850;386850;386850;386850;386850;386850;386850;386850;386850;386850;386850;386850;386850;386850;386850;386850;386850;386850;386850;386850;386850;386850;386850;386850;386850;0;0
